,method,n,d,q,p,time
0,KeyGen,1,1,32767,35184372088831,0.00024780899984762074
1,Encryption,1,1,32767,35184372088831,0.00011707640005624853
2,Decrypt,1,1,32767,35184372088831,6.126520020188764e-05
3,Addition,1,1,32767,35184372088831,3.027059938176535e-05
4,Multiplication,1,1,32767,35184372088831,0.0003014639994944446
5,KeyGen,1,2,32767,35184372088831,0.00026436339976498857
6,Encryption,1,2,32767,35184372088831,0.00017979960030061192
7,Decrypt,1,2,32767,35184372088831,6.657320045633242e-05
8,Addition,1,2,32767,35184372088831,2.673459966899827e-05
9,Multiplication,1,2,32767,35184372088831,0.00036339320067781957
10,KeyGen,1,4,32767,35184372088831,0.0002004100002523046
11,Encryption,1,4,32767,35184372088831,0.0001329548002104275
12,Decrypt,1,4,32767,35184372088831,7.157159998314456e-05
13,Addition,1,4,32767,35184372088831,2.8762600413756446e-05
14,Multiplication,1,4,32767,35184372088831,0.0003686213996843435
15,KeyGen,1,6,32767,35184372088831,0.00027338159998180345
16,Encryption,1,6,32767,35184372088831,0.0001804298000934068
17,Decrypt,1,6,32767,35184372088831,8.451160028926097e-05
18,Addition,1,6,32767,35184372088831,2.9212599474703894e-05
19,Multiplication,1,6,32767,35184372088831,0.0003983141999924555
20,KeyGen,1,8,32767,35184372088831,0.0002608351998787839
21,Encryption,1,8,32767,35184372088831,0.00019800399968517013
22,Decrypt,1,8,32767,35184372088831,9.026379993883892e-05
23,Addition,1,8,32767,35184372088831,2.914260039688088e-05
24,Multiplication,1,8,32767,35184372088831,0.0004587394003465306
25,KeyGen,1,10,32767,35184372088831,0.00030083219971857036
26,Encryption,1,10,32767,35184372088831,0.00020529419998638332
27,Decrypt,1,10,32767,35184372088831,9.994600040954537e-05
28,Addition,1,10,32767,35184372088831,3.216280019842088e-05
29,Multiplication,1,10,32767,35184372088831,0.0005388630001107231
30,KeyGen,1,12,32767,35184372088831,0.00034665900020627307
31,Encryption,1,12,32767,35184372088831,0.00023862279995228163
32,Decrypt,1,12,32767,35184372088831,0.000114442400081316
33,Addition,1,12,32767,35184372088831,3.131679986836389e-05
34,Multiplication,1,12,32767,35184372088831,0.0006432589994801674
35,KeyGen,1,14,32767,35184372088831,0.0003167144001054112
36,Encryption,1,14,32767,35184372088831,0.00020943439958500675
37,Decrypt,1,14,32767,35184372088831,0.00010134600015589967
38,Addition,1,14,32767,35184372088831,2.4330599990207703e-05
39,Multiplication,1,14,32767,35184372088831,0.0005995539999275934
40,KeyGen,1,16,32767,35184372088831,0.00034751700004562733
41,Encryption,1,16,32767,35184372088831,0.00023909480005386287
42,Decrypt,1,16,32767,35184372088831,0.00011994439992122353
43,Addition,1,16,32767,35184372088831,2.492059938958846e-05
44,Multiplication,1,16,32767,35184372088831,0.000679519800178241
45,KeyGen,1,18,32767,35184372088831,0.00026854339957935733
46,Encryption,1,18,32767,35184372088831,0.00018727779970504344
47,Decrypt,1,18,32767,35184372088831,8.833379979478195e-05
48,Addition,1,18,32767,35184372088831,1.9134400645270944e-05
49,Multiplication,1,18,32767,35184372088831,0.0005403547998866998
50,KeyGen,1,20,32767,35184372088831,0.0003040080002392642
51,Encryption,1,20,32767,35184372088831,0.00021132219990249723
52,Decrypt,1,20,32767,35184372088831,0.00012518460061983205
53,Addition,1,20,32767,35184372088831,2.8286599990678952e-05
54,Multiplication,1,20,32767,35184372088831,0.0006677713994577061
55,KeyGen,1,22,32767,35184372088831,0.00033776499985833653
56,Encryption,1,22,32767,35184372088831,0.0002330087998416275
57,Decrypt,1,22,32767,35184372088831,0.00010851620027096942
58,Addition,1,22,32767,35184372088831,1.780439997673966e-05
59,Multiplication,1,22,32767,35184372088831,0.0006972062001295853
60,KeyGen,1,24,32767,35184372088831,0.00037332560023060066
61,Encryption,1,24,32767,35184372088831,0.0002592032004031353
62,Decrypt,1,24,32767,35184372088831,0.00014379280037246644
63,Addition,1,24,32767,35184372088831,2.7490399952512233e-05
64,Multiplication,1,24,32767,35184372088831,0.0008244468001066708
65,KeyGen,1,26,32767,35184372088831,0.00042362059975857845
66,Encryption,1,26,32767,35184372088831,0.0002935280004749075
67,Decrypt,1,26,32767,35184372088831,0.00013380079981288872
68,Addition,1,26,32767,35184372088831,1.9828399672405794e-05
69,Multiplication,1,26,32767,35184372088831,0.00090295240006526
70,KeyGen,1,28,32767,35184372088831,0.0005051601998275146
71,Encryption,1,28,32767,35184372088831,0.0003228864006814547
72,Decrypt,1,28,32767,35184372088831,0.0001476190001994837
73,Addition,1,28,32767,35184372088831,1.8542200268711895e-05
74,Multiplication,1,28,32767,35184372088831,0.0010114084005181212
75,KeyGen,1,30,32767,35184372088831,0.0005125004005094525
76,Encryption,1,30,32767,35184372088831,0.00036973160022171216
77,Decrypt,1,30,32767,35184372088831,0.00016696120001142846
78,Addition,1,30,32767,35184372088831,1.93243999092374e-05
79,Multiplication,1,30,32767,35184372088831,0.0011844879998534452
80,KeyGen,1,32,32767,35184372088831,0.0005627633996482473
81,Encryption,1,32,32767,35184372088831,0.0003904757999407593
82,Decrypt,1,32,32767,35184372088831,0.0001893678003398236
83,Addition,1,32,32767,35184372088831,1.8982400069944562e-05
84,Multiplication,1,32,32767,35184372088831,0.001291484200191917
85,KeyGen,2,1,32767,35184372088831,0.0001995981998334173
86,Encryption,2,1,32767,35184372088831,7.205139991128817e-05
87,Decrypt,2,1,32767,35184372088831,4.2394800402689725e-05
88,Addition,2,1,32767,35184372088831,2.2150400036480276e-05
89,Multiplication,2,1,32767,35184372088831,0.0004111041998839937
90,KeyGen,2,2,32767,35184372088831,0.00023297079969779587
91,Encryption,2,2,32767,35184372088831,8.341159991687164e-05
92,Decrypt,2,2,32767,35184372088831,3.717280051205307e-05
93,Addition,2,2,32767,35184372088831,1.59764000272844e-05
94,Multiplication,2,2,32767,35184372088831,0.00028619580043596213
95,KeyGen,2,4,32767,35184372088831,0.00027382359985494986
96,Encryption,2,4,32767,35184372088831,0.00014408900024136527
97,Decrypt,2,4,32767,35184372088831,6.233520034584216e-05
98,Addition,2,4,32767,35184372088831,2.3346399393631147e-05
99,Multiplication,2,4,32767,35184372088831,0.0005480669999087695
100,KeyGen,2,6,32767,35184372088831,0.0003584213998692576
101,Encryption,2,6,32767,35184372088831,0.00016928940021898597
102,Decrypt,2,6,32767,35184372088831,6.0045199643354866e-05
103,Addition,2,6,32767,35184372088831,2.1394599752966314e-05
104,Multiplication,2,6,32767,35184372088831,0.0006634614001086447
105,KeyGen,2,8,32767,35184372088831,0.00047192759957397356
106,Encryption,2,8,32767,35184372088831,0.00016995940022752621
107,Decrypt,2,8,32767,35184372088831,6.698540018987842e-05
108,Addition,2,8,32767,35184372088831,1.763420004863292e-05
109,Multiplication,2,8,32767,35184372088831,0.0006183204000990372
110,KeyGen,2,10,32767,35184372088831,0.0005715676001273095
111,Encryption,2,10,32767,35184372088831,0.00024777500002528543
112,Decrypt,2,10,32767,35184372088831,0.00011195619954378344
113,Addition,2,10,32767,35184372088831,2.7206599770579488e-05
114,Multiplication,2,10,32767,35184372088831,0.0008979762002127245
115,KeyGen,2,12,32767,35184372088831,0.0006980862002819776
116,Encryption,2,12,32767,35184372088831,0.0002653231997101102
117,Decrypt,2,12,32767,35184372088831,8.943979992181994e-05
118,Addition,2,12,32767,35184372088831,1.9244400027673693e-05
119,Multiplication,2,12,32767,35184372088831,0.0009475272003328427
120,KeyGen,2,14,32767,35184372088831,0.0008060302003286779
121,Encryption,2,14,32767,35184372088831,0.0003018861993041355
122,Decrypt,2,14,32767,35184372088831,0.00010549819999141618
123,Addition,2,14,32767,35184372088831,1.9142399833071976e-05
124,Multiplication,2,14,32767,35184372088831,0.001153293200331973
125,KeyGen,2,16,32767,35184372088831,0.0010001782000472303
126,Encryption,2,16,32767,35184372088831,0.0003757595994102303
127,Decrypt,2,16,32767,35184372088831,0.00012562460033223034
128,Addition,2,16,32767,35184372088831,2.0306400256231427e-05
129,Multiplication,2,16,32767,35184372088831,0.0013910280002164654
130,KeyGen,2,18,32767,35184372088831,0.0011348609994456637
131,Encryption,2,18,32767,35184372088831,0.0004183163997367956
132,Decrypt,2,18,32767,35184372088831,0.00013796479979646392
133,Addition,2,18,32767,35184372088831,2.0112399943172933e-05
134,Multiplication,2,18,32767,35184372088831,0.0016453952004667372
135,KeyGen,2,20,32767,35184372088831,0.0013091706001432612
136,Encryption,2,20,32767,35184372088831,0.0005448210002214182
137,Decrypt,2,20,32767,35184372088831,0.0002374007999605965
138,Addition,2,20,32767,35184372088831,3.0044600134715437e-05
139,Multiplication,2,20,32767,35184372088831,0.0020081968003069052
140,KeyGen,2,22,32767,35184372088831,0.0014920182002242655
141,Encryption,2,22,32767,35184372088831,0.000561385400214931
142,Decrypt,2,22,32767,35184372088831,0.00018390580007690004
143,Addition,2,22,32767,35184372088831,2.178840004489757e-05
144,Multiplication,2,22,32767,35184372088831,0.0022334212000714613
145,KeyGen,2,24,32767,35184372088831,0.0017427753999072592
146,Encryption,2,24,32767,35184372088831,0.0006336008002108429
147,Decrypt,2,24,32767,35184372088831,0.00021224020019872114
148,Addition,2,24,32767,35184372088831,2.149639985873364e-05
149,Multiplication,2,24,32767,35184372088831,0.0025439933997404296
150,KeyGen,2,26,32767,35184372088831,0.0019213587998820002
151,Encryption,2,26,32767,35184372088831,0.0007226845998957287
152,Decrypt,2,26,32767,35184372088831,0.0002351467999687884
153,Addition,2,26,32767,35184372088831,2.2966400138102472e-05
154,Multiplication,2,26,32767,35184372088831,0.00291216500045266
155,KeyGen,2,28,32767,35184372088831,0.0024373513995669784
156,Encryption,2,28,32767,35184372088831,0.0008172083995305002
157,Decrypt,2,28,32767,35184372088831,0.00026348519968451
158,Addition,2,28,32767,35184372088831,2.2356400586431845e-05
159,Multiplication,2,28,32767,35184372088831,0.003352621800149791
160,KeyGen,2,30,32767,35184372088831,0.0023912764001579488
161,Encryption,2,30,32767,35184372088831,0.0009076483998796903
162,Decrypt,2,30,32767,35184372088831,0.00029257200003485195
163,Addition,2,30,32767,35184372088831,2.2794400138081983e-05
164,Multiplication,2,30,32767,35184372088831,0.0036592380005458836
165,KeyGen,2,32,32767,35184372088831,0.002656341800320661
166,Encryption,2,32,32767,35184372088831,0.0010037644002295564
167,Decrypt,2,32,32767,35184372088831,0.00032999859977280723
168,Addition,2,32,32767,35184372088831,2.385260013397783e-05
169,Multiplication,2,32,32767,35184372088831,0.00442700359999435
170,KeyGen,4,1,32767,35184372088831,0.0005848938002600334
171,Encryption,4,1,32767,35184372088831,0.00017126540042227133
172,Decrypt,4,1,32767,35184372088831,5.46852003026288e-05
173,Addition,4,1,32767,35184372088831,2.6838600024348126e-05
174,Multiplication,4,1,32767,35184372088831,0.0009265465996577404
175,KeyGen,4,2,32767,35184372088831,0.0010654455996700562
176,Encryption,4,2,32767,35184372088831,0.00021412839996628463
177,Decrypt,4,2,32767,35184372088831,6.668540008831769e-05
178,Addition,4,2,32767,35184372088831,2.703060017665848e-05
179,Multiplication,4,2,32767,35184372088831,0.001139899199915817
180,KeyGen,4,4,32767,35184372088831,0.0013426732002699282
181,Encryption,4,4,32767,35184372088831,0.0002335706005396787
182,Decrypt,4,4,32767,35184372088831,6.10771996434778e-05
183,Addition,4,4,32767,35184372088831,2.0646399934776128e-05
184,Multiplication,4,4,32767,35184372088831,0.0012537073998828419
185,KeyGen,4,6,32767,35184372088831,0.0017966763996810186
186,Encryption,4,6,32767,35184372088831,0.00031645639974158256
187,Decrypt,4,6,32767,35184372088831,7.722360023763031e-05
188,Addition,4,6,32767,35184372088831,2.1834600192960352e-05
189,Multiplication,4,6,32767,35184372088831,0.001846967399615096
190,KeyGen,4,8,32767,35184372088831,0.00223309320062981
191,Encryption,4,8,32767,35184372088831,0.0005670476006343961
192,Decrypt,4,8,32767,35184372088831,0.00014140280036372132
193,Addition,4,8,32767,35184372088831,3.230459988117218e-05
194,Multiplication,4,8,32767,35184372088831,0.002679940199595876
195,KeyGen,4,10,32767,35184372088831,0.0029564920005213935
196,Encryption,4,10,32767,35184372088831,0.0005625554003927391
197,Decrypt,4,10,32767,35184372088831,0.00011892039983649739
198,Addition,4,10,32767,35184372088831,2.3192600201582537e-05
199,Multiplication,4,10,32767,35184372088831,0.00323562139965361
200,KeyGen,4,12,32767,35184372088831,0.0036883186003251467
201,Encryption,4,12,32767,35184372088831,0.0007334268004342448
202,Decrypt,4,12,32767,35184372088831,0.00014340699999593198
203,Addition,4,12,32767,35184372088831,2.453659981256351e-05
204,Multiplication,4,12,32767,35184372088831,0.004119667399936589
205,KeyGen,4,14,32767,35184372088831,0.004508211199572542
206,Encryption,4,14,32767,35184372088831,0.0008487432001857087
207,Decrypt,4,14,32767,35184372088831,0.0001763275999110192
208,Addition,4,14,32767,35184372088831,2.4402399867540224e-05
209,Multiplication,4,14,32767,35184372088831,0.005144518199813319
210,KeyGen,4,16,32767,35184372088831,0.0052287220001744576
211,Encryption,4,16,32767,35184372088831,0.001020148800307652
212,Decrypt,4,16,32767,35184372088831,0.00020982220012228937
213,Addition,4,16,32767,35184372088831,2.4664599914103745e-05
214,Multiplication,4,16,32767,35184372088831,0.006136978400172665
215,KeyGen,4,18,32767,35184372088831,0.006226785999751882
216,Encryption,4,18,32767,35184372088831,0.0012288007994357031
217,Decrypt,4,18,32767,35184372088831,0.00025346719994558955
218,Addition,4,18,32767,35184372088831,2.6156599778914825e-05
219,Multiplication,4,18,32767,35184372088831,0.007447356799821137
220,KeyGen,4,20,32767,35184372088831,0.007345832599821733
221,Encryption,4,20,32767,35184372088831,0.0014529774001857732
222,Decrypt,4,20,32767,35184372088831,0.00028908379972563124
223,Addition,4,20,32767,35184372088831,2.6266599888913333e-05
224,Multiplication,4,20,32767,35184372088831,0.00890256220009178
225,KeyGen,4,22,32767,35184372088831,0.008515578399965307
226,Encryption,4,22,32767,35184372088831,0.0017111225999542512
227,Decrypt,4,22,32767,35184372088831,0.0003427670002565719
228,Addition,4,22,32767,35184372088831,2.757660040515475e-05
229,Multiplication,4,22,32767,35184372088831,0.010490872399532235
230,KeyGen,4,24,32767,35184372088831,0.009990140199806773
231,Encryption,4,24,32767,35184372088831,0.002022139000473544
232,Decrypt,4,24,32767,35184372088831,0.00038982379992376083
233,Addition,4,24,32767,35184372088831,2.758859991445206e-05
234,Multiplication,4,24,32767,35184372088831,0.012766844400175614
235,KeyGen,4,26,32767,35184372088831,0.011700108800141606
236,Encryption,4,26,32767,35184372088831,0.0023930684001243208
237,Decrypt,4,26,32767,35184372088831,0.00045461319969035684
238,Addition,4,26,32767,35184372088831,2.979460041387938e-05
239,Multiplication,4,26,32767,35184372088831,0.014251442399836379
240,KeyGen,4,28,32767,35184372088831,0.013313725600164616
241,Encryption,4,28,32767,35184372088831,0.0026047305997053626
242,Decrypt,4,28,32767,35184372088831,0.0005019661999540404
243,Addition,4,28,32767,35184372088831,3.0410600447794423e-05
244,Multiplication,4,28,32767,35184372088831,0.015494877599849133
245,KeyGen,4,30,32767,35184372088831,0.014158094600134064
246,Encryption,4,30,32767,35184372088831,0.0029408235997834707
247,Decrypt,4,30,32767,35184372088831,0.0005954239997663536
248,Addition,4,30,32767,35184372088831,3.27385998389218e-05
249,Multiplication,4,30,32767,35184372088831,0.018267789800302126
250,KeyGen,4,32,32767,35184372088831,0.01627277139996295
251,Encryption,4,32,32767,35184372088831,0.00316557800033479
252,Decrypt,4,32,32767,35184372088831,0.0006141044003015849
253,Addition,4,32,32767,35184372088831,3.187859983881936e-05
254,Multiplication,4,32,32767,35184372088831,0.019895980800356483
255,KeyGen,6,1,32767,35184372088831,0.0014662397996289655
256,Encryption,6,1,32767,35184372088831,0.00019870420001097955
257,Decrypt,6,1,32767,35184372088831,4.441679993760772e-05
258,Addition,6,1,32767,35184372088831,2.076439996017143e-05
259,Multiplication,6,1,32767,35184372088831,0.00146080560007249
260,KeyGen,6,2,32767,35184372088831,0.0019484415999613703
261,Encryption,6,2,32767,35184372088831,0.00029524400015361606
262,Decrypt,6,2,32767,35184372088831,5.3407000086735935e-05
263,Addition,6,2,32767,35184372088831,2.1352399926399812e-05
264,Multiplication,6,2,32767,35184372088831,0.0019840742002998012
265,KeyGen,6,4,32767,35184372088831,0.0030644960002973675
266,Encryption,6,4,32767,35184372088831,0.00040830639991327187
267,Decrypt,6,4,32767,35184372088831,7.291559959412552e-05
268,Addition,6,4,32767,35184372088831,2.2838400036562233e-05
269,Multiplication,6,4,32767,35184372088831,0.0031517638002696914
270,KeyGen,6,6,32767,35184372088831,0.004718833399965661
271,Encryption,6,6,32767,35184372088831,0.0005755015998147428
272,Decrypt,6,6,32767,35184372088831,0.00010262400028295814
273,Addition,6,6,32767,35184372088831,2.493860010872595e-05
274,Multiplication,6,6,32767,35184372088831,0.004731835799611872
275,KeyGen,6,8,32767,35184372088831,0.006231280000065453
276,Encryption,6,8,32767,35184372088831,0.0008502331998897717
277,Decrypt,6,8,32767,35184372088831,0.00013357260031625627
278,Addition,6,8,32767,35184372088831,2.6264600455760957e-05
279,Multiplication,6,8,32767,35184372088831,0.006331316199793946
280,KeyGen,6,10,32767,35184372088831,0.008361855200200807
281,Encryption,6,10,32767,35184372088831,0.0010768877997179515
282,Decrypt,6,10,32767,35184372088831,0.00016887539968593046
283,Addition,6,10,32767,35184372088831,2.6896599592873827e-05
284,Multiplication,6,10,32767,35184372088831,0.008680989799904637
285,KeyGen,6,12,32767,35184372088831,0.010743609599740012
286,Encryption,6,12,32767,35184372088831,0.0013802440000290517
287,Decrypt,6,12,32767,35184372088831,0.00020887020000373013
288,Addition,6,12,32767,35184372088831,2.8282600396778435e-05
289,Multiplication,6,12,32767,35184372088831,0.011162884000077611
290,KeyGen,6,14,32767,35184372088831,0.012908171399612912
291,Encryption,6,14,32767,35184372088831,0.001725393000378972
292,Decrypt,6,14,32767,35184372088831,0.00024838300014380367
293,Addition,6,14,32767,35184372088831,2.9124600405339152e-05
294,Multiplication,6,14,32767,35184372088831,0.013827405800111593
295,KeyGen,6,16,32767,35184372088831,0.015623868200054857
296,Encryption,6,16,32767,35184372088831,0.002102916600415483
297,Decrypt,6,16,32767,35184372088831,0.0003006360006111208
298,Addition,6,16,32767,35184372088831,3.19026003126055e-05
299,Multiplication,6,16,32767,35184372088831,0.017018468600144842
300,KeyGen,6,18,32767,35184372088831,0.01903771740035154
301,Encryption,6,18,32767,35184372088831,0.0025763821999134962
302,Decrypt,6,18,32767,35184372088831,0.0003665395997813903
303,Addition,6,18,32767,35184372088831,3.307060032966547e-05
304,Multiplication,6,18,32767,35184372088831,0.020691036799689755
305,KeyGen,6,20,32767,35184372088831,0.022196027400059392
306,Encryption,6,20,32767,35184372088831,0.0031512718000158203
307,Decrypt,6,20,32767,35184372088831,0.00041883860030793584
308,Addition,6,20,32767,35184372088831,3.254280018154532e-05
309,Multiplication,6,20,32767,35184372088831,0.02447561740045785
310,KeyGen,6,22,32767,35184372088831,0.0253905700003088
311,Encryption,6,22,32767,35184372088831,0.003387362600187771
312,Decrypt,6,22,32767,35184372088831,0.0005138063999766019
313,Addition,6,22,32767,35184372088831,3.643059972091578e-05
314,Multiplication,6,22,32767,35184372088831,0.02870122079984867
315,KeyGen,6,24,32767,35184372088831,0.029899813199881463
316,Encryption,6,24,32767,35184372088831,0.003972316400177078
317,Decrypt,6,24,32767,35184372088831,0.000615876400115667
318,Addition,6,24,32767,35184372088831,3.83308004529681e-05
319,Multiplication,6,24,32767,35184372088831,0.03271295599988662
320,KeyGen,6,26,32767,35184372088831,0.03413192459993297
321,Encryption,6,26,32767,35184372088831,0.0046610404002422005
322,Decrypt,6,26,32767,35184372088831,0.0006842998001957313
323,Addition,6,26,32767,35184372088831,3.780680053750984e-05
324,Multiplication,6,26,32767,35184372088831,0.03839909119997174
325,KeyGen,6,28,32767,35184372088831,0.03870351540026604
326,Encryption,6,28,32767,35184372088831,0.005292124999687076
327,Decrypt,6,28,32767,35184372088831,0.0007302587997401133
328,Addition,6,28,32767,35184372088831,3.689279983518645e-05
329,Multiplication,6,28,32767,35184372088831,0.04375652159942547
330,KeyGen,6,30,32767,35184372088831,0.04341510459998972
331,Encryption,6,30,32767,35184372088831,0.005811641600303119
332,Decrypt,6,30,32767,35184372088831,0.0008258888003183529
333,Addition,6,30,32767,35184372088831,3.8264800241449845e-05
334,Multiplication,6,30,32767,35184372088831,0.04916101679991698
335,KeyGen,6,32,32767,35184372088831,0.04740078120012185
336,Encryption,6,32,32767,35184372088831,0.006568867000169121
337,Decrypt,6,32,32767,35184372088831,0.0009254385993699543
338,Addition,6,32,32767,35184372088831,4.154880007263273e-05
339,Multiplication,6,32,32767,35184372088831,0.054272111999307523
340,KeyGen,8,1,32767,35184372088831,0.0028844444001151714
341,Encryption,8,1,32767,35184372088831,0.00030036999960429965
342,Decrypt,8,1,32767,35184372088831,5.144700044183992e-05
343,Addition,8,1,32767,35184372088831,2.4606400256743654e-05
344,Multiplication,8,1,32767,35184372088831,0.0029449096000462305
345,KeyGen,8,2,32767,35184372088831,0.004375280400563497
346,Encryption,8,2,32767,35184372088831,0.0003659854002762586
347,Decrypt,8,2,32767,35184372088831,6.209920029505156e-05
348,Addition,8,2,32767,35184372088831,2.36364001466427e-05
349,Multiplication,8,2,32767,35184372088831,0.003609909000078915
350,KeyGen,8,4,32767,35184372088831,0.006356644599873107
351,Encryption,8,4,32767,35184372088831,0.0005952482002612669
352,Decrypt,8,4,32767,35184372088831,8.597580017521977e-05
353,Addition,8,4,32767,35184372088831,2.539039996918291e-05
354,Multiplication,8,4,32767,35184372088831,0.006167158800235484
355,KeyGen,8,6,32767,35184372088831,0.0097991782000463
356,Encryption,8,6,32767,35184372088831,0.0009259288002795074
357,Decrypt,8,6,32767,35184372088831,0.00011955640002270229
358,Addition,8,6,32767,35184372088831,2.7690600109053776e-05
359,Multiplication,8,6,32767,35184372088831,0.00924430500017479
360,KeyGen,8,8,32767,35184372088831,0.013135867799428524
361,Encryption,8,8,32767,35184372088831,0.0012842460004321766
362,Decrypt,8,8,32767,35184372088831,0.00015867319962126203
363,Addition,8,8,32767,35184372088831,2.912659983849153e-05
364,Multiplication,8,8,32767,35184372088831,0.012814639400312444
365,KeyGen,8,10,32767,35184372088831,0.01778194359940244
366,Encryption,8,10,32767,35184372088831,0.0017282869994232897
367,Decrypt,8,10,32767,35184372088831,0.00021049019997008145
368,Addition,8,10,32767,35184372088831,3.1288600439438596e-05
369,Multiplication,8,10,32767,35184372088831,0.017435086800105637
370,KeyGen,8,12,32767,35184372088831,0.02296860260030371
371,Encryption,8,12,32767,35184372088831,0.0022154787999170366
372,Decrypt,8,12,32767,35184372088831,0.000265307399968151
373,Addition,8,12,32767,35184372088831,3.33527998009231e-05
374,Multiplication,8,12,32767,35184372088831,0.02265707639962784
375,KeyGen,8,14,32767,35184372088831,0.030367312399903312
376,Encryption,8,14,32767,35184372088831,0.0029994426004122943
377,Decrypt,8,14,32767,35184372088831,0.0003286828003183473
378,Addition,8,14,32767,35184372088831,3.574880029191263e-05
379,Multiplication,8,14,32767,35184372088831,0.029954248000285587
380,KeyGen,8,16,32767,35184372088831,0.03414077060006093
381,Encryption,8,16,32767,35184372088831,0.0034313914002268575
382,Decrypt,8,16,32767,35184372088831,0.00039024599973345173
383,Addition,8,16,32767,35184372088831,3.5276799462735656e-05
384,Multiplication,8,16,32767,35184372088831,0.03468592159988475
385,KeyGen,8,18,32767,35184372088831,0.04296569720027037
386,Encryption,8,18,32767,35184372088831,0.004604393200133927
387,Decrypt,8,18,32767,35184372088831,0.0004952759998559486
388,Addition,8,18,32767,35184372088831,5.16549996973481e-05
389,Multiplication,8,18,32767,35184372088831,0.04297900519959512
390,KeyGen,8,20,32767,35184372088831,0.04933210579984006
391,Encryption,8,20,32767,35184372088831,0.005017049399612006
392,Decrypt,8,20,32767,35184372088831,0.0005588354004430584
393,Addition,8,20,32767,35184372088831,3.948279991163872e-05
394,Multiplication,8,20,32767,35184372088831,0.05745494000002509
395,KeyGen,8,22,32767,35184372088831,0.057604540800093675
396,Encryption,8,22,32767,35184372088831,0.006130128000222612
397,Decrypt,8,22,32767,35184372088831,0.0006479871997726149
398,Addition,8,22,32767,35184372088831,3.960879985243082e-05
399,Multiplication,8,22,32767,35184372088831,0.06146100879996084
400,KeyGen,8,24,32767,35184372088831,0.0665665002001333
401,Encryption,8,24,32767,35184372088831,0.006790393199480604
402,Decrypt,8,24,32767,35184372088831,0.0007890198001405224
403,Addition,8,24,32767,35184372088831,4.219879992888309e-05
404,Multiplication,8,24,32767,35184372088831,0.0703229860002466
405,KeyGen,8,26,32767,35184372088831,0.07682228940029745
406,Encryption,8,26,32767,35184372088831,0.007818848200258799
407,Decrypt,8,26,32767,35184372088831,0.0008702255996468012
408,Addition,8,26,32767,35184372088831,4.219879992888309e-05
409,Multiplication,8,26,32767,35184372088831,0.08261392019994673
410,KeyGen,8,28,32767,35184372088831,0.08782130960025825
411,Encryption,8,28,32767,35184372088831,0.00905842920037685
412,Decrypt,8,28,32767,35184372088831,0.0009639453994168435
413,Addition,8,28,32767,35184372088831,4.29908002843149e-05
414,Multiplication,8,28,32767,35184372088831,0.09136768500029575
415,KeyGen,8,30,32767,35184372088831,0.09483310099967639
416,Encryption,8,30,32767,35184372088831,0.009867039399978239
417,Decrypt,8,30,32767,35184372088831,0.0011097244001575745
418,Addition,8,30,32767,35184372088831,4.646899978979491e-05
419,Multiplication,8,30,32767,35184372088831,0.10364924899986364
420,KeyGen,8,32,32767,35184372088831,0.10646507580022443
421,Encryption,8,32,32767,35184372088831,0.011190782199992099
422,Decrypt,8,32,32767,35184372088831,0.0012166485998022837
423,Addition,8,32,32767,35184372088831,4.7051000001374633e-05
424,Multiplication,8,32,32767,35184372088831,0.11523310680058785
425,KeyGen,10,1,32767,35184372088831,0.005714473399712006
426,Encryption,10,1,32767,35184372088831,0.00042010040051536633
427,Decrypt,10,1,32767,35184372088831,5.798519996460527e-05
428,Addition,10,1,32767,35184372088831,2.774640015559271e-05
429,Multiplication,10,1,32767,35184372088831,0.004709401199943386
430,KeyGen,10,2,32767,35184372088831,0.007118855800217716
431,Encryption,10,2,32767,35184372088831,0.0005332767999789212
432,Decrypt,10,2,32767,35184372088831,6.96833994879853e-05
433,Addition,10,2,32767,35184372088831,2.7286600379738955e-05
434,Multiplication,10,2,32767,35184372088831,0.006336834000103408
435,KeyGen,10,4,32767,35184372088831,0.011625604800065048
436,Encryption,10,4,32767,35184372088831,0.000853219199780142
437,Decrypt,10,4,32767,35184372088831,9.621979988878593e-05
438,Addition,10,4,32767,35184372088831,2.875259961001575e-05
439,Multiplication,10,4,32767,35184372088831,0.010282861800078535
440,KeyGen,10,6,32767,35184372088831,0.017696473599789896
441,Encryption,10,6,32767,35184372088831,0.0015832299999601674
442,Decrypt,10,6,32767,35184372088831,0.00013755480031250045
443,Addition,10,6,32767,35184372088831,3.0140599847072735e-05
444,Multiplication,10,6,32767,35184372088831,0.016249012399930506
445,KeyGen,10,8,32767,35184372088831,0.0246071851994202
446,Encryption,10,8,32767,35184372088831,0.0018721077998634429
447,Decrypt,10,8,32767,35184372088831,0.0001924459997098893
448,Addition,10,8,32767,35184372088831,3.256259951740503e-05
449,Multiplication,10,8,32767,35184372088831,0.022713978799583857
450,KeyGen,10,10,32767,35184372088831,0.03263528340030462
451,Encryption,10,10,32767,35184372088831,0.0025257229994167575
452,Decrypt,10,10,32767,35184372088831,0.0002473649998137262
453,Addition,10,10,32767,35184372088831,3.3612600236665455e-05
454,Multiplication,10,10,32767,35184372088831,0.0314031943998998
455,KeyGen,10,12,32767,35184372088831,0.04144526340023731
456,Encryption,10,12,32767,35184372088831,0.0033201410005858634
457,Decrypt,10,12,32767,35184372088831,0.0003137382002023514
458,Addition,10,12,32767,35184372088831,3.6050799826625736e-05
459,Multiplication,10,12,32767,35184372088831,0.04068053779992624
460,KeyGen,10,14,32767,35184372088831,0.05195961380013614
461,Encryption,10,14,32767,35184372088831,0.00416124219991616
462,Decrypt,10,14,32767,35184372088831,0.0003907040001649875
463,Addition,10,14,32767,35184372088831,3.6728799750562756e-05
464,Multiplication,10,14,32767,35184372088831,0.05272886719976668
465,KeyGen,10,16,32767,35184372088831,0.06291005080056493
466,Encryption,10,16,32767,35184372088831,0.005318635399453342
467,Decrypt,10,16,32767,35184372088831,0.00047336339994217267
468,Addition,10,16,32767,35184372088831,3.917279973393306e-05
469,Multiplication,10,16,32767,35184372088831,0.06550361120025627
470,KeyGen,10,18,32767,35184372088831,0.07908398340005078
471,Encryption,10,18,32767,35184372088831,0.006400577200111002
472,Decrypt,10,18,32767,35184372088831,0.0005741316002968233
473,Addition,10,18,32767,35184372088831,4.137679934501648e-05
474,Multiplication,10,18,32767,35184372088831,0.07847865920048207
475,KeyGen,10,20,32767,35184372088831,0.09353320119989803
476,Encryption,10,20,32767,35184372088831,0.007523670000227867
477,Decrypt,10,20,32767,35184372088831,0.0006805878001614474
478,Addition,10,20,32767,35184372088831,4.5118999696569515e-05
479,Multiplication,10,20,32767,35184372088831,0.09370491039953777
480,KeyGen,10,22,32767,35184372088831,0.10571762079998734
481,Encryption,10,22,32767,35184372088831,0.008883707399945706
482,Decrypt,10,22,32767,35184372088831,0.0007889177999459207
483,Addition,10,22,32767,35184372088831,4.4147000153316185e-05
484,Multiplication,10,22,32767,35184372088831,0.10767287420021603
485,KeyGen,10,24,32767,35184372088831,0.12180610720024561
486,Encryption,10,24,32767,35184372088831,0.010102781999739819
487,Decrypt,10,24,32767,35184372088831,0.0009230645999195985
488,Addition,10,24,32767,35184372088831,4.71747996925842e-05
489,Multiplication,10,24,32767,35184372088831,0.12653929660009453
490,KeyGen,10,26,32767,35184372088831,0.14207051199991838
491,Encryption,10,26,32767,35184372088831,0.011820832599914866
492,Decrypt,10,26,32767,35184372088831,0.0010611933998006863
493,Addition,10,26,32767,35184372088831,4.847899981541559e-05
494,Multiplication,10,26,32767,35184372088831,0.14757966079996548
495,KeyGen,10,28,32767,35184372088831,0.16159656539966819
496,Encryption,10,28,32767,35184372088831,0.013280205999762984
497,Decrypt,10,28,32767,35184372088831,0.001206342400109861
498,Addition,10,28,32767,35184372088831,4.954100004397333e-05
499,Multiplication,10,28,32767,35184372088831,0.1685930100000405
500,KeyGen,10,30,32767,35184372088831,0.17937539920021664
501,Encryption,10,30,32767,35184372088831,0.015198782600054982
502,Decrypt,10,30,32767,35184372088831,0.0013797040002827999
503,Addition,10,30,32767,35184372088831,5.154519967618398e-05
504,Multiplication,10,30,32767,35184372088831,0.19050780320030752
505,KeyGen,10,32,32767,35184372088831,0.20967731519995142
506,Encryption,10,32,32767,35184372088831,0.018228569600614718
507,Decrypt,10,32,32767,35184372088831,0.0015618835997884162
508,Addition,10,32,32767,35184372088831,5.347519982024096e-05
509,Multiplication,10,32,32767,35184372088831,0.23023544299940113
510,KeyGen,12,1,32767,35184372088831,0.01123573060031049
511,Encryption,12,1,32767,35184372088831,0.0007938542003103066
512,Decrypt,12,1,32767,35184372088831,9.449399949517101e-05
513,Addition,12,1,32767,35184372088831,4.2326800030423326e-05
514,Multiplication,12,1,32767,35184372088831,0.01111418419968686
515,KeyGen,12,2,32767,35184372088831,0.014323672799946507
516,Encryption,12,2,32767,35184372088831,0.0007913217996247113
517,Decrypt,12,2,32767,35184372088831,7.968959980644285e-05
518,Addition,12,2,32767,35184372088831,2.9298599838512018e-05
519,Multiplication,12,2,32767,35184372088831,0.010234266200131969
520,KeyGen,12,4,32767,35184372088831,0.019856864399480402
521,Encryption,12,4,32767,35184372088831,0.001180567799747223
522,Decrypt,12,4,32767,35184372088831,0.00011387039994588122
523,Addition,12,4,32767,35184372088831,3.0948600033298136e-05
524,Multiplication,12,4,32767,35184372088831,0.017346563799947035
525,KeyGen,12,6,32767,35184372088831,0.029672784200374735
526,Encryption,12,6,32767,35184372088831,0.0018628475998411886
527,Decrypt,12,6,32767,35184372088831,0.00017100759941968136
528,Addition,12,6,32767,35184372088831,3.6216800071997565e-05
529,Multiplication,12,6,32767,35184372088831,0.030108581000240518
530,KeyGen,12,8,32767,35184372088831,0.04960131820043898
531,Encryption,12,8,32767,35184372088831,0.0027585976000409572
532,Decrypt,12,8,32767,35184372088831,0.00023032659955788404
533,Addition,12,8,32767,35184372088831,3.7030800012871626e-05
534,Multiplication,12,8,32767,35184372088831,0.04524441820030915
535,KeyGen,12,10,32767,35184372088831,0.06609062839997933
536,Encryption,12,10,32767,35184372088831,0.003681448200222803
537,Decrypt,12,10,32767,35184372088831,0.0002943659994343761
538,Addition,12,10,32767,35184372088831,3.9094800013117495e-05
539,Multiplication,12,10,32767,35184372088831,0.05373692339999252
540,KeyGen,12,12,32767,35184372088831,0.07497719739985768
541,Encryption,12,12,32767,35184372088831,0.004682908399990993
542,Decrypt,12,12,32767,35184372088831,0.00037898160007898696
543,Addition,12,12,32767,35184372088831,3.973700004280545e-05
544,Multiplication,12,12,32767,35184372088831,0.067783836399758
545,KeyGen,12,14,32767,35184372088831,0.08931075020009302
546,Encryption,12,14,32767,35184372088831,0.006005809199996293
547,Decrypt,12,14,32767,35184372088831,0.00046916959981899706
548,Addition,12,14,32767,35184372088831,4.379500023787841e-05
549,Multiplication,12,14,32767,35184372088831,0.0879168719999143
550,KeyGen,12,16,32767,35184372088831,0.11042966759996489
551,Encryption,12,16,32767,35184372088831,0.007344403999741189
552,Decrypt,12,16,32767,35184372088831,0.0007091182000294793
553,Addition,12,16,32767,35184372088831,4.5742800284642723e-05
554,Multiplication,12,16,32767,35184372088831,0.10855815760005498
555,KeyGen,12,18,32767,35184372088831,0.1345876778003003
556,Encryption,12,18,32767,35184372088831,0.00912416779974592
557,Decrypt,12,18,32767,35184372088831,0.0006901799999468495
558,Addition,12,18,32767,35184372088831,4.80629998492077e-05
559,Multiplication,12,18,32767,35184372088831,0.13398326140013522
560,KeyGen,12,20,32767,35184372088831,0.15478667639981722
561,Encryption,12,20,32767,35184372088831,0.011430830400058767
562,Decrypt,12,20,32767,35184372088831,0.000850701000308618
563,Addition,12,20,32767,35184372088831,6.765939979231916e-05
564,Multiplication,12,20,32767,35184372088831,0.1580640799998946
565,KeyGen,12,22,32767,35184372088831,0.19049833480021333
566,Encryption,12,22,32767,35184372088831,0.012555328800226561
567,Decrypt,12,22,32767,35184372088831,0.0009901259996695443
568,Addition,12,22,32767,35184372088831,5.101100032334216e-05
569,Multiplication,12,22,32767,35184372088831,0.18433735819999128
570,KeyGen,12,24,32767,35184372088831,0.21765923460043268
571,Encryption,12,24,32767,35184372088831,0.014585841599910054
572,Decrypt,12,24,32767,35184372088831,0.0011114664004708175
573,Addition,12,24,32767,35184372088831,5.2911000238964334e-05
574,Multiplication,12,24,32767,35184372088831,0.21123777460015844
575,KeyGen,12,26,32767,35184372088831,0.23781876279972494
576,Encryption,12,26,32767,35184372088831,0.016865179400338094
577,Decrypt,12,26,32767,35184372088831,0.0012712115996691864
578,Addition,12,26,32767,35184372088831,5.823300016345456e-05
579,Multiplication,12,26,32767,35184372088831,0.24963833980000344
580,KeyGen,12,28,32767,35184372088831,0.27480307920050107
581,Encryption,12,28,32767,35184372088831,0.01902998680016026
582,Decrypt,12,28,32767,35184372088831,0.0014715536002768204
583,Addition,12,28,32767,35184372088831,5.995719984639436e-05
584,Multiplication,12,28,32767,35184372088831,0.2858893370001169
585,KeyGen,12,30,32767,35184372088831,0.3194825414000661
586,Encryption,12,30,32767,35184372088831,0.022401934600202365
587,Decrypt,12,30,32767,35184372088831,0.0016620235997834242
588,Addition,12,30,32767,35184372088831,6.0307200328679755e-05
589,Multiplication,12,30,32767,35184372088831,0.32157681379976566
590,KeyGen,12,32,32767,35184372088831,0.37926678820003873
591,Encryption,12,32,32767,35184372088831,0.02457663379973383
592,Decrypt,12,32,32767,35184372088831,0.0018682654001167976
593,Addition,12,32,32767,35184372088831,6.235140026547014e-05
594,Multiplication,12,32,32767,35184372088831,0.3607087208001758
595,KeyGen,14,1,32767,35184372088831,0.012561326199647737
596,Encryption,14,1,32767,35184372088831,0.0007228605994896497
597,Decrypt,14,1,32767,35184372088831,6.726540013914927e-05
598,Addition,14,1,32767,35184372088831,3.0278600024757907e-05
599,Multiplication,14,1,32767,35184372088831,0.011226257600355893
600,KeyGen,14,2,32767,35184372088831,0.01825208680020296
601,Encryption,14,2,32767,35184372088831,0.0009606751998944673
602,Decrypt,14,2,32767,35184372088831,9.183780057355761e-05
603,Addition,14,2,32767,35184372088831,3.107259981334209e-05
604,Multiplication,14,2,32767,35184372088831,0.0160986333998153
605,KeyGen,14,4,32767,35184372088831,0.030610484999488107
606,Encryption,14,4,32767,35184372088831,0.0015810195996891706
607,Decrypt,14,4,32767,35184372088831,0.00012774460046784952
608,Addition,14,4,32767,35184372088831,3.3384800190106034e-05
609,Multiplication,14,4,32767,35184372088831,0.026534031200571916
610,KeyGen,14,6,32767,35184372088831,0.04715709939991939
611,Encryption,14,6,32767,35184372088831,0.0025006922005559318
612,Decrypt,14,6,32767,35184372088831,0.00018803780039888807
613,Addition,14,6,32767,35184372088831,3.758880047826097e-05
614,Multiplication,14,6,32767,35184372088831,0.04118882760012639
615,KeyGen,14,8,32767,35184372088831,0.06683243879961083
616,Encryption,14,8,32767,35184372088831,0.0036339009995572267
617,Decrypt,14,8,32767,35184372088831,0.000251747000584146
618,Addition,14,8,32767,35184372088831,4.778700022143312e-05
619,Multiplication,14,8,32767,35184372088831,0.0648198261995276
620,KeyGen,14,10,32767,35184372088831,0.09364549720048672
621,Encryption,14,10,32767,35184372088831,0.004835793199890759
622,Decrypt,14,10,32767,35184372088831,0.00034083680002368056
623,Addition,14,10,32767,35184372088831,4.3625000398606065e-05
624,Multiplication,14,10,32767,35184372088831,0.08272372960054782
625,KeyGen,14,12,32767,35184372088831,0.11772332859982271
626,Encryption,14,12,32767,35184372088831,0.006353443600528408
627,Decrypt,14,12,32767,35184372088831,0.0004455369999050163
628,Addition,14,12,32767,35184372088831,4.505280012381263e-05
629,Multiplication,14,12,32767,35184372088831,0.10997683280002093
630,KeyGen,14,14,32767,35184372088831,0.1479016760000377
631,Encryption,14,14,32767,35184372088831,0.008168673999898601
632,Decrypt,14,14,32767,35184372088831,0.0007616112001414876
633,Addition,14,14,32767,35184372088831,7.239140031742864e-05
634,Multiplication,14,14,32767,35184372088831,0.1420860750004067
635,KeyGen,14,16,32767,35184372088831,0.1770920016002492
636,Encryption,14,16,32767,35184372088831,0.009822195199376438
637,Decrypt,14,16,32767,35184372088831,0.0006680435995804146
638,Addition,14,16,32767,35184372088831,4.8670999967725946e-05
639,Multiplication,14,16,32767,35184372088831,0.17212137719980092
640,KeyGen,14,18,32767,35184372088831,0.21061778160001268
641,Encryption,14,18,32767,35184372088831,0.014306684999610297
642,Decrypt,14,18,32767,35184372088831,0.0008777995994023513
643,Addition,14,18,32767,35184372088831,5.1681000331882385e-05
644,Multiplication,14,18,32767,35184372088831,0.216011170999991
645,KeyGen,14,20,32767,35184372088831,0.25246782379981597
646,Encryption,14,20,32767,35184372088831,0.01611296319970279
647,Decrypt,14,20,32767,35184372088831,0.0009595431998604909
648,Addition,14,20,32767,35184372088831,5.6417200539726764e-05
649,Multiplication,14,20,32767,35184372088831,0.25644609459995993
650,KeyGen,14,22,32767,35184372088831,0.2920622861995071
651,Encryption,14,22,32767,35184372088831,0.01761819919993286
652,Decrypt,14,22,32767,35184372088831,0.0011542952001036611
653,Addition,14,22,32767,35184372088831,6.048319992260076e-05
654,Multiplication,14,22,32767,35184372088831,0.28946718459992554
655,KeyGen,14,24,32767,35184372088831,0.3378544316001353
656,Encryption,14,24,32767,35184372088831,0.020730877599999076
657,Decrypt,14,24,32767,35184372088831,0.0012971039999683854
658,Addition,14,24,32767,35184372088831,6.102920015109703e-05
659,Multiplication,14,24,32767,35184372088831,0.33704499960003886
660,KeyGen,14,26,32767,35184372088831,0.3758547817997169
661,Encryption,14,26,32767,35184372088831,0.023490538600162834
662,Decrypt,14,26,32767,35184372088831,0.0015081402001669631
663,Addition,14,26,32767,35184372088831,6.300539971562102e-05
664,Multiplication,14,26,32767,35184372088831,0.3823871186003089
665,KeyGen,14,28,32767,35184372088831,0.4475038027994742
666,Encryption,14,28,32767,35184372088831,0.026573057999485172
667,Decrypt,14,28,32767,35184372088831,0.0017349968002235983
668,Addition,14,28,32767,35184372088831,6.941739993635566e-05
669,Multiplication,14,28,32767,35184372088831,0.45415126879961465
670,KeyGen,14,30,32767,35184372088831,0.49214858659979654
671,Encryption,14,30,32767,35184372088831,0.031307836400083035
672,Decrypt,14,30,32767,35184372088831,0.0019143884004733992
673,Addition,14,30,32767,35184372088831,6.826520038885064e-05
674,Multiplication,14,30,32767,35184372088831,0.5083463128001313
675,KeyGen,14,32,32767,35184372088831,0.546064729999489
676,Encryption,14,32,32767,35184372088831,0.03299822980043245
677,Decrypt,14,32,32767,35184372088831,0.002242441000271356
678,Addition,14,32,32767,35184372088831,6.977540033403784e-05
679,Multiplication,14,32,32767,35184372088831,0.560468469600164
680,KeyGen,16,1,32767,35184372088831,0.019745080600114307
681,Encryption,16,1,32767,35184372088831,0.0009406207995198201
682,Decrypt,16,1,32767,35184372088831,7.89795994933229e-05
683,Addition,16,1,32767,35184372088831,3.4062800114043054e-05
684,Multiplication,16,1,32767,35184372088831,0.01591294800018659
685,KeyGen,16,2,32767,35184372088831,0.028311643999768422
686,Encryption,16,2,32767,35184372088831,0.0012174283998319878
687,Decrypt,16,2,32767,35184372088831,9.52440001128707e-05
688,Addition,16,2,32767,35184372088831,3.4586800029501316e-05
689,Multiplication,16,2,32767,35184372088831,0.02521807599987369
690,KeyGen,16,4,32767,35184372088831,0.04630402940019849
691,Encryption,16,4,32767,35184372088831,0.0021606411995890086
692,Decrypt,16,4,32767,35184372088831,0.0001474447999498807
693,Addition,16,4,32767,35184372088831,4.1368799429619685e-05
694,Multiplication,16,4,32767,35184372088831,0.04054030039987992
695,KeyGen,16,6,32767,35184372088831,0.07359053079999285
696,Encryption,16,6,32767,35184372088831,0.0033708173999912106
697,Decrypt,16,6,32767,35184372088831,0.00021384219944593498
698,Addition,16,6,32767,35184372088831,4.383679988677614e-05
699,Multiplication,16,6,32767,35184372088831,0.06328073279946693
700,KeyGen,16,8,32767,35184372088831,0.09775403960011317
701,Encryption,16,8,32767,35184372088831,0.0046567211997171395
702,Decrypt,16,8,32767,35184372088831,0.00029129780014045534
703,Addition,16,8,32767,35184372088831,6.3655199483037e-05
704,Multiplication,16,8,32767,35184372088831,0.0871162750001531
705,KeyGen,16,10,32767,35184372088831,0.1295606487998157
706,Encryption,16,10,32767,35184372088831,0.006428518400207394
707,Decrypt,16,10,32767,35184372088831,0.0003823515995463822
708,Addition,16,10,32767,35184372088831,4.6176999603630975e-05
709,Multiplication,16,10,32767,35184372088831,0.1190828014005092
710,KeyGen,16,12,32767,35184372088831,0.16908068220000133
711,Encryption,16,12,32767,35184372088831,0.00841899419974652
712,Decrypt,16,12,32767,35184372088831,0.0005336328002158552
713,Addition,16,12,32767,35184372088831,5.1325000094948335e-05
714,Multiplication,16,12,32767,35184372088831,0.1536253010002838
715,KeyGen,16,14,32767,35184372088831,0.2106954606002546
716,Encryption,16,14,32767,35184372088831,0.011638646399660502
717,Decrypt,16,14,32767,35184372088831,0.000854986999911489
718,Addition,16,14,32767,35184372088831,5.156499973963946e-05
719,Multiplication,16,14,32767,35184372088831,0.20974626280003578
720,KeyGen,16,16,32767,35184372088831,0.2595771833999606
721,Encryption,16,16,32767,35184372088831,0.013097801399999299
722,Decrypt,16,16,32767,35184372088831,0.0007675434004340787
723,Addition,16,16,32767,35184372088831,5.698300010408275e-05
724,Multiplication,16,16,32767,35184372088831,0.24718134080030724
725,KeyGen,16,18,32767,35184372088831,0.30766226339983405
726,Encryption,16,18,32767,35184372088831,0.015875082799902886
727,Decrypt,16,18,32767,35184372088831,0.0009722494003653992
728,Addition,16,18,32767,35184372088831,5.8246999833500014e-05
729,Multiplication,16,18,32767,35184372088831,0.29638011079950954
730,KeyGen,16,20,32767,35184372088831,0.3612876388004224
731,Encryption,16,20,32767,35184372088831,0.018628593599714804
732,Decrypt,16,20,32767,35184372088831,0.0013511809993360657
733,Addition,16,20,32767,35184372088831,6.059320003259927e-05
734,Multiplication,16,20,32767,35184372088831,0.3549826192000182
735,KeyGen,16,22,32767,35184372088831,0.41914341140000033
736,Encryption,16,22,32767,35184372088831,0.022210643000289566
737,Decrypt,16,22,32767,35184372088831,0.0012723751999146771
738,Addition,16,22,32767,35184372088831,6.515740024042316e-05
739,Multiplication,16,22,32767,35184372088831,0.4152803736003989
740,KeyGen,16,24,32767,35184372088831,0.4779561647999799
741,Encryption,16,24,32767,35184372088831,0.025279299799876753
742,Decrypt,16,24,32767,35184372088831,0.001513422000425635
743,Addition,16,24,32767,35184372088831,8.28675998491235e-05
744,Multiplication,16,24,32767,35184372088831,0.4815181008001673
745,KeyGen,16,26,32767,35184372088831,0.5581512921999092
746,Encryption,16,26,32767,35184372088831,0.029666748800082132
747,Decrypt,16,26,32767,35184372088831,0.001768673399783438
748,Addition,16,26,32767,35184372088831,7.38834001822397e-05
749,Multiplication,16,26,32767,35184372088831,0.5780966689999332
750,KeyGen,16,28,32767,35184372088831,0.6867891326000972
751,Encryption,16,28,32767,35184372088831,0.03637624199982383
752,Decrypt,16,28,32767,35184372088831,0.0020292884000809863
753,Addition,16,28,32767,35184372088831,7.544540058006533e-05
754,Multiplication,16,28,32767,35184372088831,0.6623476500004472
755,KeyGen,16,30,32767,35184372088831,0.7249969987999065
756,Encryption,16,30,32767,35184372088831,0.040453818399691956
757,Decrypt,16,30,32767,35184372088831,0.002249818600103026
758,Addition,16,30,32767,35184372088831,7.430539990309626e-05
759,Multiplication,16,30,32767,35184372088831,0.7657462654002302
760,KeyGen,16,32,32767,35184372088831,0.8383254852000391
761,Encryption,16,32,32767,35184372088831,0.04476039100045455
762,Decrypt,16,32,32767,35184372088831,0.0027139798003190663
763,Addition,16,32,32767,35184372088831,8.017759973881766e-05
764,Multiplication,16,32,32767,35184372088831,0.8499687667994295
765,KeyGen,18,1,32767,35184372088831,0.028108476000488734
766,Encryption,18,1,32767,35184372088831,0.0010951156000373885
767,Decrypt,18,1,32767,35184372088831,8.149959976435638e-05
768,Addition,18,1,32767,35184372088831,3.7168799462961036e-05
769,Multiplication,18,1,32767,35184372088831,0.023625591000018174
770,KeyGen,18,2,32767,35184372088831,0.03899056800000835
771,Encryption,18,2,32767,35184372088831,0.001582259400311159
772,Decrypt,18,2,32767,35184372088831,0.0001043762000335846
773,Addition,18,2,32767,35184372088831,3.771080009755679e-05
774,Multiplication,18,2,32767,35184372088831,0.03312326560044312
775,KeyGen,18,4,32767,35184372088831,0.06673209679938737
776,Encryption,18,4,32767,35184372088831,0.002689803399698576
777,Decrypt,18,4,32767,35184372088831,0.0001586812002642546
778,Addition,18,4,32767,35184372088831,4.047080001328141e-05
779,Multiplication,18,4,32767,35184372088831,0.05739395140044508
780,KeyGen,18,6,32767,35184372088831,0.1021920045997831
781,Encryption,18,6,32767,35184372088831,0.0043696828004613055
782,Decrypt,18,6,32767,35184372088831,0.00023399079946102576
783,Addition,18,6,32767,35184372088831,4.387480003060773e-05
784,Multiplication,18,6,32767,35184372088831,0.0906644814000174
785,KeyGen,18,8,32767,35184372088831,0.1436049982003169
786,Encryption,18,8,32767,35184372088831,0.006142861999978777
787,Decrypt,18,8,32767,35184372088831,0.0003583729994716123
788,Addition,18,8,32767,35184372088831,6.652520023635589e-05
789,Multiplication,18,8,32767,35184372088831,0.12725570559996413
790,KeyGen,18,10,32767,35184372088831,0.19451994600021863
791,Encryption,18,10,32767,35184372088831,0.008345389600435738
792,Decrypt,18,10,32767,35184372088831,0.00043212059972574934
793,Addition,18,10,32767,35184372088831,5.0562999967951326e-05
794,Multiplication,18,10,32767,35184372088831,0.1881056001999241
795,KeyGen,18,12,32767,35184372088831,0.25318135679990517
796,Encryption,18,12,32767,35184372088831,0.011557839399756631
797,Decrypt,18,12,32767,35184372088831,0.0006117561999417376
798,Addition,18,12,32767,35184372088831,5.7001000095624475e-05
799,Multiplication,18,12,32767,35184372088831,0.2273278630003915
800,KeyGen,18,14,32767,35184372088831,0.3050532460001705
801,Encryption,18,14,32767,35184372088831,0.013922640000237152
802,Decrypt,18,14,32767,35184372088831,0.0007795514000463299
803,Addition,18,14,32767,35184372088831,5.8053200336871666e-05
804,Multiplication,18,14,32767,35184372088831,0.2845494563996908
805,KeyGen,18,16,32767,35184372088831,0.3787963477996527
806,Encryption,18,16,32767,35184372088831,0.017663758200069424
807,Decrypt,18,16,32767,35184372088831,0.000920814200071618
808,Addition,18,16,32767,35184372088831,6.735139977536164e-05
809,Multiplication,18,16,32767,35184372088831,0.3830872309998085
810,KeyGen,18,18,32767,35184372088831,0.44708931960049086
811,Encryption,18,18,32767,35184372088831,0.021069451400398974
812,Decrypt,18,18,32767,35184372088831,0.0010857615998247638
813,Addition,18,18,32767,35184372088831,6.317139996099286e-05
814,Multiplication,18,18,32767,35184372088831,0.44210066020023076
815,KeyGen,18,20,32767,35184372088831,0.5370763912003895
816,Encryption,18,20,32767,35184372088831,0.024994488799711688
817,Decrypt,18,20,32767,35184372088831,0.0013061958001344466
818,Addition,18,20,32767,35184372088831,6.784940051147714e-05
819,Multiplication,18,20,32767,35184372088831,0.5306181717998697
820,KeyGen,18,22,32767,35184372088831,0.6157173069994315
821,Encryption,18,22,32767,35184372088831,0.029407659999560565
822,Decrypt,18,22,32767,35184372088831,0.0014846831996692344
823,Addition,18,22,32767,35184372088831,6.970940012251958e-05
824,Multiplication,18,22,32767,35184372088831,0.603836933200364
825,KeyGen,18,24,32767,35184372088831,0.7040235532003862
826,Encryption,18,24,32767,35184372088831,0.03356174180007656
827,Decrypt,18,24,32767,35184372088831,0.0018478105994290672
828,Addition,18,24,32767,35184372088831,7.808559967088513e-05
829,Multiplication,18,24,32767,35184372088831,0.6984239684003114
830,KeyGen,18,26,32767,35184372088831,0.8253294171998278
831,Encryption,18,26,32767,35184372088831,0.04000478040034068
832,Decrypt,18,26,32767,35184372088831,0.00209183520055376
833,Addition,18,26,32767,35184372088831,8.041760011110455e-05
834,Multiplication,18,26,32767,35184372088831,0.8377151895998395
835,KeyGen,18,28,32767,35184372088831,0.9633176244002243
836,Encryption,18,28,32767,35184372088831,0.04531712259995402
837,Decrypt,18,28,32767,35184372088831,0.00233250399978715
838,Addition,18,28,32767,35184372088831,9.37878001423087e-05
839,Multiplication,18,28,32767,35184372088831,0.9683111641999858
840,KeyGen,18,30,32767,35184372088831,1.0762428315996657
841,Encryption,18,30,32767,35184372088831,0.05241342540030018
842,Decrypt,18,30,32767,35184372088831,0.0026831727998796852
843,Addition,18,30,32767,35184372088831,8.692960036569276e-05
844,Multiplication,18,30,32767,35184372088831,1.0869846320005307
845,KeyGen,18,32,32767,35184372088831,1.17145399919973
846,Encryption,18,32,32767,35184372088831,0.06478555579960812
847,Decrypt,18,32,32767,35184372088831,0.0030428820005909073
848,Addition,18,32,32767,35184372088831,8.761179997236468e-05
849,Multiplication,18,32,32767,35184372088831,1.2787794195995956
850,KeyGen,20,1,32767,35184372088831,0.03880041559968959
851,Encryption,20,1,32767,35184372088831,0.001397813399671577
852,Decrypt,20,1,32767,35184372088831,0.00010223419958492741
853,Addition,20,1,32767,35184372088831,4.4096999772591516e-05
854,Multiplication,20,1,32767,35184372088831,0.03268372340025962
855,KeyGen,20,2,32767,35184372088831,0.053510331199504435
856,Encryption,20,2,32767,35184372088831,0.001886737200402422
857,Decrypt,20,2,32767,35184372088831,0.00012229440035298466
858,Addition,20,2,32767,35184372088831,4.0212800377048553e-05
859,Multiplication,20,2,32767,35184372088831,0.04445096459967317
860,KeyGen,20,4,32767,35184372088831,0.08897768300012103
861,Encryption,20,4,32767,35184372088831,0.0033948188000067605
862,Decrypt,20,4,32767,35184372088831,0.0001838315998611506
863,Addition,20,4,32767,35184372088831,5.973719962639734e-05
864,Multiplication,20,4,32767,35184372088831,0.07550353780025035
865,KeyGen,20,6,32767,35184372088831,0.13611344839955564
866,Encryption,20,6,32767,35184372088831,0.005211888600024394
867,Decrypt,20,6,32767,35184372088831,0.0002636412005813327
868,Addition,20,6,32767,35184372088831,5.514520016731694e-05
869,Multiplication,20,6,32767,35184372088831,0.1207865985998069
870,KeyGen,20,8,32767,35184372088831,0.19144355060052476
871,Encryption,20,8,32767,35184372088831,0.007580777000111993
872,Decrypt,20,8,32767,35184372088831,0.0003591191998566501
873,Addition,20,8,32767,35184372088831,6.00192004640121e-05
874,Multiplication,20,8,32767,35184372088831,0.169626794999931
875,KeyGen,20,10,32767,35184372088831,0.2723393711996323
876,Encryption,20,10,32767,35184372088831,0.01047441600021557
877,Decrypt,20,10,32767,35184372088831,0.00049385579986847
878,Addition,20,10,32767,35184372088831,5.738320032833144e-05
879,Multiplication,20,10,32767,35184372088831,0.23907225619987002
880,KeyGen,20,12,32767,35184372088831,0.33467391559970566
881,Encryption,20,12,32767,35184372088831,0.013305549800134032
882,Decrypt,20,12,32767,35184372088831,0.0006415905998437665
883,Addition,20,12,32767,35184372088831,5.942499992670491e-05
884,Multiplication,20,12,32767,35184372088831,0.31105113180019545
885,KeyGen,20,14,32767,35184372088831,0.4188891106001392
886,Encryption,20,14,32767,35184372088831,0.017208620400197105
887,Decrypt,20,14,32767,35184372088831,0.0008531727995432448
888,Addition,20,14,32767,35184372088831,9.35477997700218e-05
889,Multiplication,20,14,32767,35184372088831,0.3950002773999586
890,KeyGen,20,16,32767,35184372088831,0.5016231409994362
891,Encryption,20,16,32767,35184372088831,0.021760149400506634
892,Decrypt,20,16,32767,35184372088831,0.0010142319995793514
893,Addition,20,16,32767,35184372088831,6.645940011367202e-05
894,Multiplication,20,16,32767,35184372088831,0.49039017960021736
895,KeyGen,20,18,32767,35184372088831,0.6202618859999347
896,Encryption,20,18,32767,35184372088831,0.025647437600127887
897,Decrypt,20,18,32767,35184372088831,0.0012166419997811317
898,Addition,20,18,32767,35184372088831,7.092340019880794e-05
899,Multiplication,20,18,32767,35184372088831,0.5836018023997894
900,KeyGen,20,20,32767,35184372088831,0.7253066365999985
901,Encryption,20,20,32767,35184372088831,0.03025287179989391
902,Decrypt,20,20,32767,35184372088831,0.0014420302002690732
903,Addition,20,20,32767,35184372088831,8.861559981596657e-05
904,Multiplication,20,20,32767,35184372088831,0.7141345519994502
905,KeyGen,20,22,32767,35184372088831,0.8411428025996429
906,Encryption,20,22,32767,35184372088831,0.03570787819990073
907,Decrypt,20,22,32767,35184372088831,0.0016876030000275931
908,Addition,20,22,32767,35184372088831,7.729159988230094e-05
909,Multiplication,20,22,32767,35184372088831,0.8287645527998393
910,KeyGen,20,24,32767,35184372088831,1.0136500421998789
911,Encryption,20,24,32767,35184372088831,0.042670741999609164
912,Decrypt,20,24,32767,35184372088831,0.002190289000282064
913,Addition,20,24,32767,35184372088831,0.00013254459991003388
914,Multiplication,20,24,32767,35184372088831,1.0116350226002395
915,KeyGen,20,26,32767,35184372088831,1.16100230239972
916,Encryption,20,26,32767,35184372088831,0.049750425800448285
917,Decrypt,20,26,32767,35184372088831,0.002595252800529124
918,Addition,20,26,32767,35184372088831,8.416759956162423e-05
919,Multiplication,20,26,32767,35184372088831,1.1441430315993784
920,KeyGen,20,28,32767,35184372088831,1.318026146000193
921,Encryption,20,28,32767,35184372088831,0.05581528139955481
922,Decrypt,20,28,32767,35184372088831,0.002667074000055436
923,Addition,20,28,32767,35184372088831,0.00011216819984838367
924,Multiplication,20,28,32767,35184372088831,1.2677001899995957
925,KeyGen,20,30,32767,35184372088831,1.4585839325998677
926,Encryption,20,30,32767,35184372088831,0.06677341800022987
927,Decrypt,20,30,32767,35184372088831,0.0038205686003493613
928,Addition,20,30,32767,35184372088831,0.00013686879974557088
929,Multiplication,20,30,32767,35184372088831,1.49469313160007
930,KeyGen,20,32,32767,35184372088831,1.6179622442003165
931,Encryption,20,32,32767,35184372088831,0.07168582420054008
932,Decrypt,20,32,32767,35184372088831,0.0033356551997712814
933,Addition,20,32,32767,35184372088831,9.62439997238107e-05
934,Multiplication,20,32,32767,35184372088831,1.6407497972002603
935,KeyGen,22,1,32767,35184372088831,0.050710146400524535
936,Encryption,22,1,32767,35184372088831,0.001672012599738082
937,Decrypt,22,1,32767,35184372088831,0.00010892220016103237
938,Addition,22,1,32767,35184372088831,4.822900009457953e-05
939,Multiplication,22,1,32767,35184372088831,0.04257570179979666
940,KeyGen,22,2,32767,35184372088831,0.07191342160003841
941,Encryption,22,2,32767,35184372088831,0.0024114970001392066
942,Decrypt,22,2,32767,35184372088831,0.00012524640042101964
943,Addition,22,2,32767,35184372088831,4.469899940886535e-05
944,Multiplication,22,2,32767,35184372088831,0.06360412779977195
945,KeyGen,22,4,32767,35184372088831,0.12516885160002858
946,Encryption,22,4,32767,35184372088831,0.00425535679969471
947,Decrypt,22,4,32767,35184372088831,0.000222282199683832
948,Addition,22,4,32767,35184372088831,5.7781000214163215e-05
949,Multiplication,22,4,32767,35184372088831,0.10421948119983426
950,KeyGen,22,6,32767,35184372088831,0.19372095720027574
951,Encryption,22,6,32767,35184372088831,0.006450989799486706
952,Decrypt,22,6,32767,35184372088831,0.0003413646001718007
953,Addition,22,6,32767,35184372088831,5.6611200125189495e-05
954,Multiplication,22,6,32767,35184372088831,0.15904910919998655
955,KeyGen,22,8,32767,35184372088831,0.2637062860005244
956,Encryption,22,8,32767,35184372088831,0.01019662460021209
957,Decrypt,22,8,32767,35184372088831,0.00047756740023032764
958,Addition,22,8,32767,35184372088831,5.982919974485412e-05
959,Multiplication,22,8,32767,35184372088831,0.2303847744005907
960,KeyGen,22,10,32767,35184372088831,0.3599333755999396
961,Encryption,22,10,32767,35184372088831,0.01389324060000945
962,Decrypt,22,10,32767,35184372088831,0.0006948036003450398
963,Addition,22,10,32767,35184372088831,7.520540020777844e-05
964,Multiplication,22,10,32767,35184372088831,0.3385925987997325
965,KeyGen,22,12,32767,35184372088831,0.4631409893998352
966,Encryption,22,12,32767,35184372088831,0.016060872600064613
967,Decrypt,22,12,32767,35184372088831,0.0007466025999747217
968,Addition,22,12,32767,35184372088831,6.782339987694286e-05
969,Multiplication,22,12,32767,35184372088831,0.41380459520005386
970,KeyGen,22,14,32767,35184372088831,0.558944401199551
971,Encryption,22,14,32767,35184372088831,0.021384720200148876
972,Decrypt,22,14,32767,35184372088831,0.000866172799578635
973,Addition,22,14,32767,35184372088831,8.223179975175299e-05
974,Multiplication,22,14,32767,35184372088831,0.5254704869999841
975,KeyGen,22,16,32767,35184372088831,0.6847864429997571
976,Encryption,22,16,32767,35184372088831,0.026097669600130758
977,Decrypt,22,16,32767,35184372088831,0.0011010816000634805
978,Addition,22,16,32767,35184372088831,0.00010514999958104454
979,Multiplication,22,16,32767,35184372088831,0.6412718769999628
980,KeyGen,22,18,32767,35184372088831,0.8394891505995474
981,Encryption,22,18,32767,35184372088831,0.03132194099962362
982,Decrypt,22,18,32767,35184372088831,0.0014280976000009104
983,Addition,22,18,32767,35184372088831,8.216960050049238e-05
984,Multiplication,22,18,32767,35184372088831,0.8123352951995912
985,KeyGen,22,20,32767,35184372088831,1.0048184153994952
986,Encryption,22,20,32767,35184372088831,0.03749647259974154
987,Decrypt,22,20,32767,35184372088831,0.0015930030000163241
988,Addition,22,20,32767,35184372088831,8.298360044136643e-05
989,Multiplication,22,20,32767,35184372088831,0.9591419340002176
990,KeyGen,22,22,32767,35184372088831,1.1764876727997033
991,Encryption,22,22,32767,35184372088831,0.044082417800382245
992,Decrypt,22,22,32767,35184372088831,0.0018746964000456502
993,Addition,22,22,32767,35184372088831,8.893960039131343e-05
994,Multiplication,22,22,32767,35184372088831,1.132120481000311
995,KeyGen,22,24,32767,35184372088831,1.3664392250000674
996,Encryption,22,24,32767,35184372088831,0.052930274800019106
997,Decrypt,22,24,32767,35184372088831,0.002156067799660377
998,Addition,22,24,32767,35184372088831,0.00010128579961019569
999,Multiplication,22,24,32767,35184372088831,1.3039620618001209
1000,KeyGen,22,26,32767,35184372088831,1.5579583144004574
1001,Encryption,22,26,32767,35184372088831,0.06062770499993349
1002,Decrypt,22,26,32767,35184372088831,0.002985346000059508
1003,Addition,22,26,32767,35184372088831,0.0001527209999039769
1004,Multiplication,22,26,32767,35184372088831,1.5843821745998867
1005,KeyGen,22,28,32767,35184372088831,1.8176123336001182
1006,Encryption,22,28,32767,35184372088831,0.07126012540029478
1007,Decrypt,22,28,32767,35184372088831,0.0038213359999645035
1008,Addition,22,28,32767,35184372088831,0.0001496329998190049
1009,Multiplication,22,28,32767,35184372088831,1.6998307136003858
1010,KeyGen,22,30,32767,35184372088831,1.9264961027998653
1011,Encryption,22,30,32767,35184372088831,0.07699856059989543
1012,Decrypt,22,30,32767,35184372088831,0.0033013478001521434
1013,Addition,22,30,32767,35184372088831,0.00010308599958079867
1014,Multiplication,22,30,32767,35184372088831,1.942219212600321
1015,KeyGen,22,32,32767,35184372088831,2.22791495019992
1016,Encryption,22,32,32767,35184372088831,0.09463740920036798
1017,Decrypt,22,32,32767,35184372088831,0.0037501983999391085
1018,Addition,22,32,32767,35184372088831,0.0001195421995362267
1019,Multiplication,22,32,32767,35184372088831,2.1075848460001
1020,KeyGen,24,1,32767,35184372088831,0.06670031519970507
1021,Encryption,24,1,32767,35184372088831,0.0020320992000051772
1022,Decrypt,24,1,32767,35184372088831,0.00014186459957272747
1023,Addition,24,1,32767,35184372088831,4.913899974781089e-05
1024,Multiplication,24,1,32767,35184372088831,0.05410983220062917
1025,KeyGen,24,2,32767,35184372088831,0.09123924460000125
1026,Encryption,24,2,32767,35184372088831,0.002657745200122008
1027,Decrypt,24,2,32767,35184372088831,0.00013926080064265988
1028,Addition,24,2,32767,35184372088831,4.646879970096052e-05
1029,Multiplication,24,2,32767,35184372088831,0.07449030359930475
1030,KeyGen,24,4,32767,35184372088831,0.15446300059993517
1031,Encryption,24,4,32767,35184372088831,0.004663176000030944
1032,Decrypt,24,4,32767,35184372088831,0.00019608579968917185
1033,Addition,24,4,32767,35184372088831,4.9316800141241404e-05
1034,Multiplication,24,4,32767,35184372088831,0.12801902599967435
1035,KeyGen,24,6,32767,35184372088831,0.2523830156002077
1036,Encryption,24,6,32767,35184372088831,0.007724913000129163
1037,Decrypt,24,6,32767,35184372088831,0.00031803020028746686
1038,Addition,24,6,32767,35184372088831,5.7335000019520524e-05
1039,Multiplication,24,6,32767,35184372088831,0.2123455148001085
1040,KeyGen,24,8,32767,35184372088831,0.3525267826000345
1041,Encryption,24,8,32767,35184372088831,0.01080407639965415
1042,Decrypt,24,8,32767,35184372088831,0.00043684440024662765
1043,Addition,24,8,32767,35184372088831,7.769559961161576e-05
1044,Multiplication,24,8,32767,35184372088831,0.292531496599986
1045,KeyGen,24,10,32767,35184372088831,0.45092654140025845
1046,Encryption,24,10,32767,35184372088831,0.015110293399629882
1047,Decrypt,24,10,32767,35184372088831,0.0006729310000082478
1048,Addition,24,10,32767,35184372088831,0.00010150200032512657
1049,Multiplication,24,10,32767,35184372088831,0.4014846845995635
1050,KeyGen,24,12,32767,35184372088831,0.5764808439998887
1051,Encryption,24,12,32767,35184372088831,0.019279183600156104
1052,Decrypt,24,12,32767,35184372088831,0.0007265079999342561
1053,Addition,24,12,32767,35184372088831,6.672339950455352e-05
1054,Multiplication,24,12,32767,35184372088831,0.5207431255999836
1055,KeyGen,24,14,32767,35184372088831,0.7541585774000851
1056,Encryption,24,14,32767,35184372088831,0.0260302757997124
1057,Decrypt,24,14,32767,35184372088831,0.0010460662000696176
1058,Addition,24,14,32767,35184372088831,7.873560025473125e-05
1059,Multiplication,24,14,32767,35184372088831,0.6824049172006198
1060,KeyGen,24,16,32767,35184372088831,0.896636146200035
1061,Encryption,24,16,32767,35184372088831,0.03055803260067478
1062,Decrypt,24,16,32767,35184372088831,0.001360068199574016
1063,Addition,24,16,32767,35184372088831,7.89056000940036e-05
1064,Multiplication,24,16,32767,35184372088831,0.8185479991996545
1065,KeyGen,24,18,32767,35184372088831,1.061561611599609
1066,Encryption,24,18,32767,35184372088831,0.038663990399800244
1067,Decrypt,24,18,32767,35184372088831,0.0015018328005680815
1068,Addition,24,18,32767,35184372088831,8.155960022122599e-05
1069,Multiplication,24,18,32767,35184372088831,1.013787539400073
1070,KeyGen,24,20,32767,35184372088831,1.2827318362004008
1071,Encryption,24,20,32767,35184372088831,0.044561677599995166
1072,Decrypt,24,20,32767,35184372088831,0.0022843258004286325
1073,Addition,24,20,32767,35184372088831,0.00014383480011019855
1074,Multiplication,24,20,32767,35184372088831,1.2347158196003876
1075,KeyGen,24,22,32767,35184372088831,1.4715442592001637
1076,Encryption,24,22,32767,35184372088831,0.05232607200014172
1077,Decrypt,24,22,32767,35184372088831,0.001972154000395676
1078,Addition,24,22,32767,35184372088831,9.575180010870099e-05
1079,Multiplication,24,22,32767,35184372088831,1.4116459020006005
1080,KeyGen,24,24,32767,35184372088831,1.670324176199938
1081,Encryption,24,24,32767,35184372088831,0.062283358800050335
1082,Decrypt,24,24,32767,35184372088831,0.0024641912001243326
1083,Addition,24,24,32767,35184372088831,9.629199994378723e-05
1084,Multiplication,24,24,32767,35184372088831,1.6695836371996848
1085,KeyGen,24,26,32767,35184372088831,1.9964184686003137
1086,Encryption,24,26,32767,35184372088831,0.07057982079932117
1087,Decrypt,24,26,32767,35184372088831,0.0027503068005898966
1088,Addition,24,26,32767,35184372088831,0.00010950799987767823
1089,Multiplication,24,26,32767,35184372088831,1.932039349000115
1090,KeyGen,24,28,32767,35184372088831,2.2169939418003195
1091,Encryption,24,28,32767,35184372088831,0.07836077679967275
1092,Decrypt,24,28,32767,35184372088831,0.003146430199558381
1093,Addition,24,28,32767,35184372088831,0.00011046999934478663
1094,Multiplication,24,28,32767,35184372088831,2.165037742000277
1095,KeyGen,24,30,32767,35184372088831,2.505904847599595
1096,Encryption,24,30,32767,35184372088831,0.09233473899948877
1097,Decrypt,24,30,32767,35184372088831,0.0035584301993367264
1098,Addition,24,30,32767,35184372088831,0.00011242019972996786
1099,Multiplication,24,30,32767,35184372088831,2.465088595200359
1100,KeyGen,24,32,32767,35184372088831,2.8021948834000794
1101,Encryption,24,32,32767,35184372088831,0.102456808599527
1102,Decrypt,24,32,32767,35184372088831,0.004163859599793795
1103,Addition,24,32,32767,35184372088831,0.00017532540005049668
1104,Multiplication,24,32,32767,35184372088831,2.7966044583998153
1105,KeyGen,26,1,32767,35184372088831,0.08340307520047645
1106,Encryption,26,1,32767,35184372088831,0.0021651553994161076
1107,Decrypt,26,1,32767,35184372088831,0.00011752220016205683
1108,Addition,26,1,32767,35184372088831,4.9220999790122734e-05
1109,Multiplication,26,1,32767,35184372088831,0.06797935619979398
1110,KeyGen,26,2,32767,35184372088831,0.11852803500005393
1111,Encryption,26,2,32767,35184372088831,0.0033541741999215447
1112,Decrypt,26,2,32767,35184372088831,0.00016082299989648164
1113,Addition,26,2,32767,35184372088831,5.101100032334216e-05
1114,Multiplication,26,2,32767,35184372088831,0.09632101419992978
1115,KeyGen,26,4,32767,35184372088831,0.20376700300039374
1116,Encryption,26,4,32767,35184372088831,0.005743371800053865
1117,Decrypt,26,4,32767,35184372088831,0.00024088659993140026
1118,Addition,26,4,32767,35184372088831,6.722739999531768e-05
1119,Multiplication,26,4,32767,35184372088831,0.1686640856001759
1120,KeyGen,26,6,32767,35184372088831,0.3042269498000678
1121,Encryption,26,6,32767,35184372088831,0.009168077400681795
1122,Decrypt,26,6,32767,35184372088831,0.00040414780014543796
1123,Addition,26,6,32767,35184372088831,6.650520008406602e-05
1124,Multiplication,26,6,32767,35184372088831,0.25813911000004736
1125,KeyGen,26,8,32767,35184372088831,0.426057146799576
1126,Encryption,26,8,32767,35184372088831,0.013777383400156395
1127,Decrypt,26,8,32767,35184372088831,0.00047263500018743796
1128,Addition,26,8,32767,35184372088831,6.813739964854904e-05
1129,Multiplication,26,8,32767,35184372088831,0.3748544009999023
1130,KeyGen,26,10,32767,35184372088831,0.5730233551999845
1131,Encryption,26,10,32767,35184372088831,0.01758223819997511
1132,Decrypt,26,10,32767,35184372088831,0.0006970634000026621
1133,Addition,26,10,32767,35184372088831,9.670779982116074e-05
1134,Multiplication,26,10,32767,35184372088831,0.5133043420006288
1135,KeyGen,26,12,32767,35184372088831,0.7387362840003334
1136,Encryption,26,12,32767,35184372088831,0.022585511799843517
1137,Decrypt,26,12,32767,35184372088831,0.0008826208002574276
1138,Addition,26,12,32767,35184372088831,7.415540021611377e-05
1139,Multiplication,26,12,32767,35184372088831,0.6458113139997295
1140,KeyGen,26,14,32767,35184372088831,0.8841268742005923
1141,Encryption,26,14,32767,35184372088831,0.02862383100000443
1142,Decrypt,26,14,32767,35184372088831,0.0010730364003393334
1143,Addition,26,14,32767,35184372088831,9.90159998764284e-05
1144,Multiplication,26,14,32767,35184372088831,0.8132871580004576
1145,KeyGen,26,16,32767,35184372088831,1.0760089399998833
1146,Encryption,26,16,32767,35184372088831,0.03475920600030804
1147,Decrypt,26,16,32767,35184372088831,0.001268546199571574
1148,Addition,26,16,32767,35184372088831,8.223760014516301e-05
1149,Multiplication,26,16,32767,35184372088831,1.0337109216001408
1150,KeyGen,26,18,32767,35184372088831,1.3231811830002698
1151,Encryption,26,18,32767,35184372088831,0.0436949121998623
1152,Decrypt,26,18,32767,35184372088831,0.0015826301998458803
1153,Addition,26,18,32767,35184372088831,9.470780059928074e-05
1154,Multiplication,26,18,32767,35184372088831,1.2856175893997714
1155,KeyGen,26,20,32767,35184372088831,1.634297792200232
1156,Encryption,26,20,32767,35184372088831,0.054355347200180405
1157,Decrypt,26,20,32767,35184372088831,0.0019286487993667833
1158,Addition,26,20,32767,35184372088831,9.673780004959553e-05
1159,Multiplication,26,20,32767,35184372088831,1.5175220548000652
1160,KeyGen,26,22,32767,35184372088831,1.8901012738002465
1161,Encryption,26,22,32767,35184372088831,0.06670008200017037
1162,Decrypt,26,22,32767,35184372088831,0.0025710289999551607
1163,Addition,26,22,32767,35184372088831,0.00016144719993462786
1164,Multiplication,26,22,32767,35184372088831,1.7745503883998026
1165,KeyGen,26,24,32767,35184372088831,2.2297357452000144
1166,Encryption,26,24,32767,35184372088831,0.07333020560035948
1167,Decrypt,26,24,32767,35184372088831,0.00253736239974387
1168,Addition,26,24,32767,35184372088831,0.00010719220008468256
1169,Multiplication,26,24,32767,35184372088831,2.09440931019999
1170,KeyGen,26,26,32767,35184372088831,2.514578091000294
1171,Encryption,26,26,32767,35184372088831,0.08151898840005742
1172,Decrypt,26,26,32767,35184372088831,0.0029819608003890607
1173,Addition,26,26,32767,35184372088831,0.00016531319997739046
1174,Multiplication,26,26,32767,35184372088831,2.4250856573999044
1175,KeyGen,26,28,32767,35184372088831,2.818003250199399
1176,Encryption,26,28,32767,35184372088831,0.09968803899973863
1177,Decrypt,26,28,32767,35184372088831,0.003943060999881709
1178,Addition,26,28,32767,35184372088831,0.00012623040020116606
1179,Multiplication,26,28,32767,35184372088831,2.763154948799638
1180,KeyGen,26,30,32767,35184372088831,3.137999976800347
1181,Encryption,26,30,32767,35184372088831,0.10567182520026108
1182,Decrypt,26,30,32767,35184372088831,0.003752705399529077
1183,Addition,26,30,32767,35184372088831,0.00018199140031356366
1184,Multiplication,26,30,32767,35184372088831,3.1693244604000936
1185,KeyGen,26,32,32767,35184372088831,3.315525671800424
1186,Encryption,26,32,32767,35184372088831,0.1098324345999572
1187,Decrypt,26,32,32767,35184372088831,0.004060719200060703
1188,Addition,26,32,32767,35184372088831,0.0001196221994177904
1189,Multiplication,26,32,32767,35184372088831,3.2911821784000495
1190,KeyGen,28,1,32767,35184372088831,0.09973879819954164
1191,Encryption,28,1,32767,35184372088831,0.0024277562006318476
1192,Decrypt,28,1,32767,35184372088831,0.00012839640039601362
1193,Addition,28,1,32767,35184372088831,5.5064999469323086e-05
1194,Multiplication,28,1,32767,35184372088831,0.0827787440000975
1195,KeyGen,28,2,32767,35184372088831,0.13901459180051462
1196,Encryption,28,2,32767,35184372088831,0.00356470159968012
1197,Decrypt,28,2,32767,35184372088831,0.00014682279943372122
1198,Addition,28,2,32767,35184372088831,5.1231000543339175e-05
1199,Multiplication,28,2,32767,35184372088831,0.11280341019955813
1200,KeyGen,28,4,32767,35184372088831,0.24897194360019057
1201,Encryption,28,4,32767,35184372088831,0.006124002399883466
1202,Decrypt,28,4,32767,35184372088831,0.0002924293999967631
1203,Addition,28,4,32767,35184372088831,5.9215199871687216e-05
1204,Multiplication,28,4,32767,35184372088831,0.19056256459953147
1205,KeyGen,28,6,32767,35184372088831,0.35885506000049644
1206,Encryption,28,6,32767,35184372088831,0.009812874400086002
1207,Decrypt,28,6,32767,35184372088831,0.0005072175998066086
1208,Addition,28,6,32767,35184372088831,0.00010054200029117056
1209,Multiplication,28,6,32767,35184372088831,0.31273958400051927
1210,KeyGen,28,8,32767,35184372088831,0.5072227804004796
1211,Encryption,28,8,32767,35184372088831,0.014359564600454178
1212,Decrypt,28,8,32767,35184372088831,0.0005552646005526185
1213,Addition,28,8,32767,35184372088831,6.693520044791512e-05
1214,Multiplication,28,8,32767,35184372088831,0.4425037389999488
1215,KeyGen,28,10,32767,35184372088831,0.6904899524000939
1216,Encryption,28,10,32767,35184372088831,0.019346397199842612
1217,Decrypt,28,10,32767,35184372088831,0.0006546983997395728
1218,Addition,28,10,32767,35184372088831,8.397159981541336e-05
1219,Multiplication,28,10,32767,35184372088831,0.6020262158002879
1220,KeyGen,28,12,32767,35184372088831,0.8669086568006605
1221,Encryption,28,12,32767,35184372088831,0.026365050399908795
1222,Decrypt,28,12,32767,35184372088831,0.0008628703995782417
1223,Addition,28,12,32767,35184372088831,7.700139976805077e-05
1224,Multiplication,28,12,32767,35184372088831,0.8131894493999425
1225,KeyGen,28,14,32767,35184372088831,1.12408773979987
1226,Encryption,28,14,32767,35184372088831,0.03426730819992372
1227,Decrypt,28,14,32767,35184372088831,0.0011955986003158614
1228,Addition,28,14,32767,35184372088831,8.133960000122897e-05
1229,Multiplication,28,14,32767,35184372088831,1.0229063951999706
1230,KeyGen,28,16,32767,35184372088831,1.3820169440004975
1231,Encryption,28,16,32767,35184372088831,0.04231133259963826
1232,Decrypt,28,16,32767,35184372088831,0.0014249550004024059
1233,Addition,28,16,32767,35184372088831,8.732560017961077e-05
1234,Multiplication,28,16,32767,35184372088831,1.2650728191998497
1235,KeyGen,28,18,32767,35184372088831,1.7152944609995757
1236,Encryption,28,18,32767,35184372088831,0.04892431780026527
1237,Decrypt,28,18,32767,35184372088831,0.002005936000205111
1238,Addition,28,18,32767,35184372088831,0.00015828300020075402
1239,Multiplication,28,18,32767,35184372088831,1.5695829894000781
1240,KeyGen,28,20,32767,35184372088831,2.074112870200042
1241,Encryption,28,20,32767,35184372088831,0.0644195752000087
1242,Decrypt,28,20,32767,35184372088831,0.0026720567999291233
1243,Addition,28,20,32767,35184372088831,0.00015954720001900568
1244,Multiplication,28,20,32767,35184372088831,1.8894999457996164
1245,KeyGen,28,22,32767,35184372088831,2.322229688199877
1246,Encryption,28,22,32767,35184372088831,0.06934291599973222
1247,Decrypt,28,22,32767,35184372088831,0.002309321799839381
1248,Addition,28,22,32767,35184372088831,0.00010347800052841194
1249,Multiplication,28,22,32767,35184372088831,2.194368238400057
1250,KeyGen,28,24,32767,35184372088831,2.6445365816005504
1251,Encryption,28,24,32767,35184372088831,0.08035619380025309
1252,Decrypt,28,24,32767,35184372088831,0.0026968610000039916
1253,Addition,28,24,32767,35184372088831,0.00017414739995729177
1254,Multiplication,28,24,32767,35184372088831,2.600319744800072
1255,KeyGen,28,26,32767,35184372088831,3.0076587322000705
1256,Encryption,28,26,32767,35184372088831,0.09149864020000678
1257,Decrypt,28,26,32767,35184372088831,0.0031096967999474146
1258,Addition,28,26,32767,35184372088831,0.00011536020028870552
1259,Multiplication,28,26,32767,35184372088831,2.9364233476000665
1260,KeyGen,28,28,32767,35184372088831,3.5190049568001998
1261,Encryption,28,28,32767,35184372088831,0.1068544676003512
1262,Decrypt,28,28,32767,35184372088831,0.003711800200107973
1263,Addition,28,28,32767,35184372088831,0.00017361720019835048
1264,Multiplication,28,28,32767,35184372088831,3.324558750000142
1265,KeyGen,28,30,32767,35184372088831,3.963655119599571
1266,Encryption,28,30,32767,35184372088831,0.12241990100010298
1267,Decrypt,28,30,32767,35184372088831,0.005276327799947467
1268,Addition,28,30,32767,35184372088831,0.00017247139985556714
1269,Multiplication,28,30,32767,35184372088831,3.95927721199987
1270,KeyGen,28,32,32767,35184372088831,4.465245035800035
1271,Encryption,28,32,32767,35184372088831,0.1345466505998047
1272,Decrypt,28,32,32767,35184372088831,0.004549956000118982
1273,Addition,28,32,32767,35184372088831,0.00013531059958040714
1274,Multiplication,28,32,32767,35184372088831,4.26736899499956
1275,KeyGen,30,1,32767,35184372088831,0.12629987820037059
1276,Encryption,30,1,32767,35184372088831,0.003510352400189731
1277,Decrypt,30,1,32767,35184372088831,0.0001936038002895657
1278,Addition,30,1,32767,35184372088831,8.37676001538057e-05
1279,Multiplication,30,1,32767,35184372088831,0.10766216999982134
1280,KeyGen,30,2,32767,35184372088831,0.1729257110004255
1281,Encryption,30,2,32767,35184372088831,0.004184101200371515
1282,Decrypt,30,2,32767,35184372088831,0.00015454500025953167
1283,Addition,30,2,32767,35184372088831,5.9589200100162996e-05
1284,Multiplication,30,2,32767,35184372088831,0.13835337380005513
1285,KeyGen,30,4,32767,35184372088831,0.2915425017999951
1286,Encryption,30,4,32767,35184372088831,0.007147119000001112
1287,Decrypt,30,4,32767,35184372088831,0.000287211399700027
1288,Addition,30,4,32767,35184372088831,8.162540034390986e-05
1289,Multiplication,30,4,32767,35184372088831,0.23761692300031428
1290,KeyGen,30,6,32767,35184372088831,0.4515585966000799
1291,Encryption,30,6,32767,35184372088831,0.011541872000088915
1292,Decrypt,30,6,32767,35184372088831,0.0004483883996726945
1293,Addition,30,6,32767,35184372088831,6.991120026214048e-05
1294,Multiplication,30,6,32767,35184372088831,0.37836833980036316
1295,KeyGen,30,8,32767,35184372088831,0.6546758871998464
1296,Encryption,30,8,32767,35184372088831,0.016771326799789675
1297,Decrypt,30,8,32767,35184372088831,0.0006173998001031578
1298,Addition,30,8,32767,35184372088831,0.0001054020001902245
1299,Multiplication,30,8,32767,35184372088831,0.5633057665996603
1300,KeyGen,30,10,32767,35184372088831,0.8829785285997787
1301,Encryption,30,10,32767,35184372088831,0.023184263999428367
1302,Decrypt,30,10,32767,35184372088831,0.0007126233998860698
1303,Addition,30,10,32767,35184372088831,7.927339975140057e-05
1304,Multiplication,30,10,32767,35184372088831,0.7756693825998809
1305,KeyGen,30,12,32767,35184372088831,1.0815118123995489
1306,Encryption,30,12,32767,35184372088831,0.034520691999932754
1307,Decrypt,30,12,32767,35184372088831,0.0010807564001879654
1308,Addition,30,12,32767,35184372088831,8.549359990865924e-05
1309,Multiplication,30,12,32767,35184372088831,1.0060457695995866
1310,KeyGen,30,14,32767,35184372088831,1.4007324377998884
1311,Encryption,30,14,32767,35184372088831,0.03866300199952093
1312,Decrypt,30,14,32767,35184372088831,0.0012237850001838523
1313,Addition,30,14,32767,35184372088831,0.00010391399991931394
1314,Multiplication,30,14,32767,35184372088831,1.2685149630000523
1315,KeyGen,30,16,32767,35184372088831,1.6896471066000232
1316,Encryption,30,16,32767,35184372088831,0.046694335599750045
1317,Decrypt,30,16,32767,35184372088831,0.0015523233996646013
1318,Addition,30,16,32767,35184372088831,0.00010960200015688314
1319,Multiplication,30,16,32767,35184372088831,1.5514517440002238
1320,KeyGen,30,18,32767,35184372088831,2.0002149231993824
1321,Encryption,30,18,32767,35184372088831,0.057969782399595715
1322,Decrypt,30,18,32767,35184372088831,0.001984045400604373
1323,Addition,30,18,32767,35184372088831,0.00016779920042608865
1324,Multiplication,30,18,32767,35184372088831,1.906290493599954
1325,KeyGen,30,20,32767,35184372088831,2.424189996399946
1326,Encryption,30,20,32767,35184372088831,0.07445656299969414
1327,Decrypt,30,20,32767,35184372088831,0.0023327020004217046
1328,Addition,30,20,32767,35184372088831,0.00010682400024961681
1329,Multiplication,30,20,32767,35184372088831,2.3608523686001717
1330,KeyGen,30,22,32767,35184372088831,2.8536962163998396
1331,Encryption,30,22,32767,35184372088831,0.08285595720008132
1332,Decrypt,30,22,32767,35184372088831,0.0026494040001125542
1333,Addition,30,22,32767,35184372088831,0.00011105219964520074
1334,Multiplication,30,22,32767,35184372088831,2.743556606399943
1335,KeyGen,30,24,32767,35184372088831,3.281010325600073
1336,Encryption,30,24,32767,35184372088831,0.09875695860027918
1337,Decrypt,30,24,32767,35184372088831,0.003108600600535283
1338,Addition,30,24,32767,35184372088831,0.00011958820032305084
1339,Multiplication,30,24,32767,35184372088831,3.162781685400114
1340,KeyGen,30,26,32767,35184372088831,3.7523640371997318
1341,Encryption,30,26,32767,35184372088831,0.1100425627999357
1342,Decrypt,30,26,32767,35184372088831,0.003884605200437363
1343,Addition,30,26,32767,35184372088831,0.0001772272000380326
1344,Multiplication,30,26,32767,35184372088831,3.6651389542006654
1345,KeyGen,30,28,32767,35184372088831,4.318682455799717
1346,Encryption,30,28,32767,35184372088831,0.12928419300005772
1347,Decrypt,30,28,32767,35184372088831,0.004245698000158882
1348,Addition,30,28,32767,35184372088831,0.00021254399980534798
1349,Multiplication,30,28,32767,35184372088831,4.16817497200027
1350,KeyGen,30,30,32767,35184372088831,4.792585405399587
1351,Encryption,30,30,32767,35184372088831,0.13488175340025918
1352,Decrypt,30,30,32767,35184372088831,0.004390366599545814
1353,Addition,30,30,32767,35184372088831,0.00014087279996601864
1354,Multiplication,30,30,32767,35184372088831,4.482111930799874
1355,KeyGen,30,32,32767,35184372088831,5.100091932200303
1356,Encryption,30,32,32767,35184372088831,0.15676144280005247
1357,Decrypt,30,32,32767,35184372088831,0.0048949261996313
1358,Addition,30,32,32767,35184372088831,0.00015454300009878352
1359,Multiplication,30,32,32767,35184372088831,5.198599090000061
1360,KeyGen,32,1,32767,35184372088831,0.14649361299962038
1361,Encryption,32,1,32767,35184372088831,0.0033404810004867614
1362,Decrypt,32,1,32767,35184372088831,0.00012969659946975297
1363,Addition,32,1,32767,35184372088831,5.7466999714961274e-05
1364,Multiplication,32,1,32767,35184372088831,0.1177755641998374
1365,KeyGen,32,2,32767,35184372088831,0.20549968420018558
1366,Encryption,32,2,32767,35184372088831,0.004642199400404934
1367,Decrypt,32,2,32767,35184372088831,0.00017784319934435188
1368,Addition,32,2,32767,35184372088831,7.33971995941829e-05
1369,Multiplication,32,2,32767,35184372088831,0.1673209532003966
1370,KeyGen,32,4,32767,35184372088831,0.36218310699987344
1371,Encryption,32,4,32767,35184372088831,0.00816747779972502
1372,Decrypt,32,4,32767,35184372088831,0.0002626509995025117
1373,Addition,32,4,32767,35184372088831,6.393119983840733e-05
1374,Multiplication,32,4,32767,35184372088831,0.2929340706003131
1375,KeyGen,32,6,32767,35184372088831,0.5647773944001528
1376,Encryption,32,6,32767,35184372088831,0.013066594200063264
1377,Decrypt,32,6,32767,35184372088831,0.00045605060004163536
1378,Addition,32,6,32767,35184372088831,7.030140041024424e-05
1379,Multiplication,32,6,32767,35184372088831,0.4518765038003039
1380,KeyGen,32,8,32767,35184372088831,0.7526791046002472
1381,Encryption,32,8,32767,35184372088831,0.018390470200392882
1382,Decrypt,32,8,32767,35184372088831,0.0005699405999621376
1383,Addition,32,8,32767,35184372088831,7.619140014867299e-05
1384,Multiplication,32,8,32767,35184372088831,0.6739631677999569
1385,KeyGen,32,10,32767,35184372088831,1.052355881200492
1386,Encryption,32,10,32767,35184372088831,0.02566445139964344
1387,Decrypt,32,10,32767,35184372088831,0.0007622404002177064
1388,Addition,32,10,32767,35184372088831,7.955159962875768e-05
1389,Multiplication,32,10,32767,35184372088831,0.9259273677998863
1390,KeyGen,32,12,32767,35184372088831,1.309095838599751
1391,Encryption,32,12,32767,35184372088831,0.034971974600193786
1392,Decrypt,32,12,32767,35184372088831,0.0010639179999998305
1393,Addition,32,12,32767,35184372088831,9.309379965998233e-05
1394,Multiplication,32,12,32767,35184372088831,1.2060737416002667
1395,KeyGen,32,14,32767,35184372088831,1.6838543669997308
1396,Encryption,32,14,32767,35184372088831,0.04434575900013442
1397,Decrypt,32,14,32767,35184372088831,0.0012669497999013401
1398,Addition,32,14,32767,35184372088831,9.224980021826923e-05
1399,Multiplication,32,14,32767,35184372088831,1.4966516148000664
1400,KeyGen,32,16,32767,35184372088831,2.053308203600318
1401,Encryption,32,16,32767,35184372088831,0.055068538799969244
1402,Decrypt,32,16,32767,35184372088831,0.0015578354003082495
1403,Addition,32,16,32767,35184372088831,0.00010132399984286167
1404,Multiplication,32,16,32767,35184372088831,1.9361810782000248
1405,KeyGen,32,18,32767,35184372088831,2.436178010800359
1406,Encryption,32,18,32767,35184372088831,0.06339851140000974
1407,Decrypt,32,18,32767,35184372088831,0.001935384399985196
1408,Addition,32,18,32767,35184372088831,0.00010395579956821167
1409,Multiplication,32,18,32767,35184372088831,2.284737317200052
1410,KeyGen,32,20,32767,35184372088831,3.0063270750004447
1411,Encryption,32,20,32767,35184372088831,0.08135795119960676
1412,Decrypt,32,20,32767,35184372088831,0.0023725846003799234
1413,Addition,32,20,32767,35184372088831,0.00014383879970409908
1414,Multiplication,32,20,32767,35184372088831,2.7924851479998325
1415,KeyGen,32,22,32767,35184372088831,3.4661739773997398
1416,Encryption,32,22,32767,35184372088831,0.09422244319939636
1417,Decrypt,32,22,32767,35184372088831,0.0026115432003280146
1418,Addition,32,22,32767,35184372088831,0.0001161502004833892
1419,Multiplication,32,22,32767,35184372088831,3.2833580636004625
1420,KeyGen,32,24,32767,35184372088831,3.938183219399798
1421,Encryption,32,24,32767,35184372088831,0.11389538899966282
1422,Decrypt,32,24,32767,35184372088831,0.0031429832000867465
1423,Addition,32,24,32767,35184372088831,0.0001247763997525908
1424,Multiplication,32,24,32767,35184372088831,3.7373198175999276
1425,KeyGen,32,26,32767,35184372088831,4.610222149400215
1426,Encryption,32,26,32767,35184372088831,0.12393572159999167
1427,Decrypt,32,26,32767,35184372088831,0.0038253819999226834
1428,Addition,32,26,32767,35184372088831,0.00020059179951203987
1429,Multiplication,32,26,32767,35184372088831,4.376638426999852
1430,KeyGen,32,28,32767,35184372088831,5.088109406600415
1431,Encryption,32,28,32767,35184372088831,0.14563105080014793
1432,Decrypt,32,28,32767,35184372088831,0.004147428600117564
1433,Addition,32,28,32767,35184372088831,0.00017213539977092295
1434,Multiplication,32,28,32767,35184372088831,4.987987746400177
1435,KeyGen,32,30,32767,35184372088831,5.813335355400341
1436,Encryption,32,30,32767,35184372088831,0.15925006180041237
1437,Decrypt,32,30,32767,35184372088831,0.004651326600287576
1438,Addition,32,30,32767,35184372088831,0.0001917118002893403
1439,Multiplication,32,30,32767,35184372088831,5.684856482000032
1440,KeyGen,32,32,32767,35184372088831,6.391058106200217
1441,Encryption,32,32,32767,35184372088831,0.18239415100033513
1442,Decrypt,32,32,32767,35184372088831,0.0058771124000486456
1443,Addition,32,32,32767,35184372088831,0.0001502464001532644
1444,Multiplication,32,32,32767,35184372088831,6.292328339000233
